path_a,split_a,label_a,path_b,split_b,label_b,phash_distance
d:\Pneum Det\archive\chest_xray\chest_xray\train\NORMAL\NORMAL2-IM-1176-0001.jpeg,train,NORMAL,d:\Pneum Det\archive\chest_xray\chest_xray\train\NORMAL\NORMAL2-IM-0892-0001.jpeg,train,NORMAL,2
d:\Pneum Det\archive\chest_xray\chest_xray\train\NORMAL\NORMAL2-IM-1176-0001.jpeg,train,NORMAL,d:\Pneum Det\archive\chest_xray\chest_xray\train\NORMAL\IM-0719-0001.jpeg,train,NORMAL,4
d:\Pneum Det\archive\chest_xray\chest_xray\train\NORMAL\IM-0391-0001.jpeg,train,NORMAL,d:\Pneum Det\archive\chest_xray\chest_xray\train\NORMAL\NORMAL2-IM-1064-0001.jpeg,train,NORMAL,4
d:\Pneum Det\archive\chest_xray\chest_xray\test\NORMAL\IM-0063-0001.jpeg,test,NORMAL,d:\Pneum Det\archive\chest_xray\chest_xray\train\NORMAL\NORMAL2-IM-1226-0001.jpeg,train,NORMAL,2
d:\Pneum Det\archive\chest_xray\chest_xray\train\NORMAL\NORMAL2-IM-0820-0001.jpeg,train,NORMAL,d:\Pneum Det\archive\chest_xray\chest_xray\train\NORMAL\IM-0446-0001.jpeg,train,NORMAL,4
d:\Pneum Det\archive\chest_xray\chest_xray\train\NORMAL\NORMAL2-IM-0423-0001.jpeg,train,NORMAL,d:\Pneum Det\archive\chest_xray\chest_xray\test\NORMAL\IM-0063-0001.jpeg,test,NORMAL,4
d:\Pneum Det\archive\chest_xray\chest_xray\train\NORMAL\NORMAL2-IM-0423-0001.jpeg,train,NORMAL,d:\Pneum Det\archive\chest_xray\chest_xray\train\NORMAL\NORMAL2-IM-1226-0001.jpeg,train,NORMAL,4
d:\Pneum Det\archive\chest_xray\chest_xray\train\NORMAL\NORMAL2-IM-0423-0001.jpeg,train,NORMAL,d:\Pneum Det\archive\chest_xray\chest_xray\train\NORMAL\NORMAL2-IM-0820-0001.jpeg,train,NORMAL,4
d:\Pneum Det\archive\chest_xray\chest_xray\train\NORMAL\IM-0640-0001-0002.jpeg,train,NORMAL,d:\Pneum Det\archive\chest_xray\chest_xray\train\NORMAL\NORMAL2-IM-0423-0001.jpeg,train,NORMAL,4
d:\Pneum Det\archive\chest_xray\chest_xray\train\NORMAL\IM-0557-0001.jpeg,train,NORMAL,d:\Pneum Det\archive\chest_xray\chest_xray\train\NORMAL\NORMAL2-IM-0401-0001.jpeg,train,NORMAL,4
d:\Pneum Det\archive\chest_xray\chest_xray\train\NORMAL\IM-0557-0001.jpeg,train,NORMAL,d:\Pneum Det\archive\chest_xray\chest_xray\train\NORMAL\NORMAL2-IM-0892-0001.jpeg,train,NORMAL,4
d:\Pneum Det\archive\chest_xray\chest_xray\train\NORMAL\IM-0557-0001.jpeg,train,NORMAL,d:\Pneum Det\archive\chest_xray\chest_xray\train\NORMAL\NORMAL2-IM-1267-0001.jpeg,train,NORMAL,2
d:\Pneum Det\archive\chest_xray\chest_xray\train\NORMAL\IM-0557-0001.jpeg,train,NORMAL,d:\Pneum Det\archive\chest_xray\chest_xray\train\NORMAL\NORMAL2-IM-1176-0001.jpeg,train,NORMAL,4
d:\Pneum Det\archive\chest_xray\chest_xray\train\NORMAL\IM-0524-0001.jpeg,train,NORMAL,d:\Pneum Det\archive\chest_xray\chest_xray\train\NORMAL\NORMAL2-IM-0892-0001.jpeg,train,NORMAL,4
d:\Pneum Det\archive\chest_xray\chest_xray\train\NORMAL\IM-0524-0001.jpeg,train,NORMAL,d:\Pneum Det\archive\chest_xray\chest_xray\train\NORMAL\IM-0557-0001.jpeg,train,NORMAL,4
d:\Pneum Det\archive\chest_xray\chest_xray\train\NORMAL\IM-0524-0001.jpeg,train,NORMAL,d:\Pneum Det\archive\chest_xray\chest_xray\train\NORMAL\NORMAL2-IM-1176-0001.jpeg,train,NORMAL,4
d:\Pneum Det\archive\chest_xray\chest_xray\train\NORMAL\NORMAL2-IM-0969-0001.jpeg,train,NORMAL,d:\Pneum Det\archive\chest_xray\chest_xray\train\NORMAL\NORMAL2-IM-0455-0001.jpeg,train,NORMAL,4
d:\Pneum Det\archive\chest_xray\chest_xray\train\NORMAL\NORMAL2-IM-1111-0001.jpeg,train,NORMAL,d:\Pneum Det\archive\chest_xray\chest_xray\train\NORMAL\NORMAL2-IM-0423-0001.jpeg,train,NORMAL,4
d:\Pneum Det\archive\chest_xray\chest_xray\train\NORMAL\NORMAL2-IM-0390-0001.jpeg,train,NORMAL,d:\Pneum Det\archive\chest_xray\chest_xray\train\NORMAL\NORMAL2-IM-0892-0001.jpeg,train,NORMAL,4
d:\Pneum Det\archive\chest_xray\chest_xray\train\NORMAL\IM-0521-0001.jpeg,train,NORMAL,d:\Pneum Det\archive\chest_xray\chest_xray\train\NORMAL\NORMAL2-IM-0892-0001.jpeg,train,NORMAL,4
d:\Pneum Det\archive\chest_xray\chest_xray\train\NORMAL\NORMAL2-IM-1198-0001.jpeg,train,NORMAL,d:\Pneum Det\archive\chest_xray\chest_xray\train\PNEUMONIA\person1488_virus_2593.jpeg,train,PNEUMONIA,4
d:\Pneum Det\archive\chest_xray\chest_xray\train\NORMAL\NORMAL2-IM-1104-0001.jpeg,train,NORMAL,d:\Pneum Det\archive\chest_xray\chest_xray\train\NORMAL\IM-0524-0001.jpeg,train,NORMAL,4
d:\Pneum Det\archive\chest_xray\chest_xray\train\NORMAL\NORMAL2-IM-1104-0001.jpeg,train,NORMAL,d:\Pneum Det\archive\chest_xray\chest_xray\test\PNEUMONIA\person79_virus_148.jpeg,test,PNEUMONIA,4
d:\Pneum Det\archive\chest_xray\chest_xray\train\NORMAL\IM-0635-0001.jpeg,train,NORMAL,d:\Pneum Det\archive\chest_xray\chest_xray\train\NORMAL\NORMAL2-IM-1261-0001.jpeg,train,NORMAL,4
d:\Pneum Det\archive\chest_xray\chest_xray\train\NORMAL\NORMAL2-IM-1094-0001.jpeg,train,NORMAL,d:\Pneum Det\archive\chest_xray\chest_xray\train\PNEUMONIA\person1488_virus_2593.jpeg,train,PNEUMONIA,4
d:\Pneum Det\archive\chest_xray\chest_xray\train\NORMAL\NORMAL2-IM-1094-0001.jpeg,train,NORMAL,d:\Pneum Det\archive\chest_xray\chest_xray\train\NORMAL\NORMAL2-IM-1198-0001.jpeg,train,NORMAL,4
d:\Pneum Det\archive\chest_xray\chest_xray\train\NORMAL\IM-0486-0001.jpeg,train,NORMAL,d:\Pneum Det\archive\chest_xray\chest_xray\train\NORMAL\NORMAL2-IM-0995-0001.jpeg,train,NORMAL,4
d:\Pneum Det\archive\chest_xray\chest_xray\train\PNEUMONIA\person1425_virus_2438.jpeg,train,PNEUMONIA,d:\Pneum Det\archive\chest_xray\chest_xray\train\PNEUMONIA\person25_bacteria_121.jpeg,train,PNEUMONIA,4
d:\Pneum Det\archive\chest_xray\chest_xray\train\NORMAL\NORMAL2-IM-0915-0001.jpeg,train,NORMAL,d:\Pneum Det\archive\chest_xray\chest_xray\train\NORMAL\NORMAL2-IM-0596-0001.jpeg,train,NORMAL,4
d:\Pneum Det\archive\chest_xray\chest_xray\train\NORMAL\IM-0506-0001.jpeg,train,NORMAL,d:\Pneum Det\archive\chest_xray\chest_xray\train\NORMAL\NORMAL2-IM-1294-0001-0002.jpeg,train,NORMAL,4
d:\Pneum Det\archive\chest_xray\chest_xray\train\NORMAL\NORMAL2-IM-1214-0001.jpeg,train,NORMAL,d:\Pneum Det\archive\chest_xray\chest_xray\train\NORMAL\NORMAL2-IM-0440-0001.jpeg,train,NORMAL,4
d:\Pneum Det\archive\chest_xray\chest_xray\train\NORMAL\NORMAL2-IM-1152-0001-0001.jpeg,train,NORMAL,d:\Pneum Det\archive\chest_xray\chest_xray\train\NORMAL\IM-0635-0001.jpeg,train,NORMAL,4
d:\Pneum Det\archive\chest_xray\chest_xray\train\NORMAL\IM-0285-0001.jpeg,train,NORMAL,d:\Pneum Det\archive\chest_xray\chest_xray\train\NORMAL\NORMAL2-IM-1347-0001.jpeg,train,NORMAL,4
d:\Pneum Det\archive\chest_xray\chest_xray\train\NORMAL\IM-0129-0001.jpeg,train,NORMAL,d:\Pneum Det\archive\chest_xray\chest_xray\train\NORMAL\IM-0394-0001.jpeg,train,NORMAL,4
d:\Pneum Det\archive\chest_xray\chest_xray\train\NORMAL\IM-0523-0001-0001.jpeg,train,NORMAL,d:\Pneum Det\archive\chest_xray\chest_xray\train\NORMAL\IM-0577-0001.jpeg,train,NORMAL,4
d:\Pneum Det\archive\chest_xray\chest_xray\train\NORMAL\NORMAL2-IM-0653-0001.jpeg,train,NORMAL,d:\Pneum Det\archive\chest_xray\chest_xray\train\NORMAL\NORMAL2-IM-1347-0001.jpeg,train,NORMAL,4
d:\Pneum Det\archive\chest_xray\chest_xray\train\NORMAL\NORMAL2-IM-1269-0001-0001.jpeg,train,NORMAL,d:\Pneum Det\archive\chest_xray\chest_xray\train\NORMAL\NORMAL2-IM-1258-0001-0001.jpeg,train,NORMAL,4
d:\Pneum Det\archive\chest_xray\chest_xray\train\PNEUMONIA\person1100_bacteria_3041.jpeg,train,PNEUMONIA,d:\Pneum Det\archive\chest_xray\chest_xray\train\PNEUMONIA\person1057_virus_1756.jpeg,train,PNEUMONIA,4
d:\Pneum Det\archive\chest_xray\chest_xray\train\PNEUMONIA\person1100_bacteria_3041.jpeg,train,PNEUMONIA,d:\Pneum Det\archive\chest_xray\chest_xray\train\PNEUMONIA\person1045_virus_1741.jpeg,train,PNEUMONIA,4
d:\Pneum Det\archive\chest_xray\chest_xray\train\NORMAL\IM-0439-0001-0001.jpeg,train,NORMAL,d:\Pneum Det\archive\chest_xray\chest_xray\train\NORMAL\NORMAL2-IM-1226-0001.jpeg,train,NORMAL,4
d:\Pneum Det\archive\chest_xray\chest_xray\train\NORMAL\IM-0401-0001.jpeg,train,NORMAL,d:\Pneum Det\archive\chest_xray\chest_xray\train\NORMAL\IM-0544-0001.jpeg,train,NORMAL,2
d:\Pneum Det\archive\chest_xray\chest_xray\train\NORMAL\NORMAL2-IM-0926-0001.jpeg,train,NORMAL,d:\Pneum Det\archive\chest_xray\chest_xray\test\PNEUMONIA\person79_virus_148.jpeg,test,PNEUMONIA,4
d:\Pneum Det\archive\chest_xray\chest_xray\test\NORMAL\NORMAL2-IM-0131-0001.jpeg,test,NORMAL,d:\Pneum Det\archive\chest_xray\chest_xray\train\NORMAL\IM-0608-0001.jpeg,train,NORMAL,4
d:\Pneum Det\archive\chest_xray\chest_xray\train\NORMAL\IM-0266-0001.jpeg,train,NORMAL,d:\Pneum Det\archive\chest_xray\chest_xray\train\NORMAL\NORMAL2-IM-1064-0001.jpeg,train,NORMAL,4
d:\Pneum Det\archive\chest_xray\chest_xray\train\NORMAL\IM-0266-0001.jpeg,train,NORMAL,d:\Pneum Det\archive\chest_xray\chest_xray\train\NORMAL\NORMAL2-IM-0892-0001.jpeg,train,NORMAL,4
d:\Pneum Det\archive\chest_xray\chest_xray\train\NORMAL\IM-0266-0001.jpeg,train,NORMAL,d:\Pneum Det\archive\chest_xray\chest_xray\train\NORMAL\IM-0495-0001.jpeg,train,NORMAL,2
d:\Pneum Det\archive\chest_xray\chest_xray\train\PNEUMONIA\person1227_virus_2078.jpeg,train,PNEUMONIA,d:\Pneum Det\archive\chest_xray\chest_xray\train\NORMAL\NORMAL2-IM-0926-0001.jpeg,train,NORMAL,4
d:\Pneum Det\archive\chest_xray\chest_xray\train\NORMAL\IM-0674-0001.jpeg,train,NORMAL,d:\Pneum Det\archive\chest_xray\chest_xray\train\PNEUMONIA\person1227_virus_2078.jpeg,train,PNEUMONIA,4
d:\Pneum Det\archive\chest_xray\chest_xray\train\NORMAL\IM-0674-0001.jpeg,train,NORMAL,d:\Pneum Det\archive\chest_xray\chest_xray\train\NORMAL\NORMAL2-IM-0892-0001.jpeg,train,NORMAL,4
d:\Pneum Det\archive\chest_xray\chest_xray\train\NORMAL\IM-0674-0001.jpeg,train,NORMAL,d:\Pneum Det\archive\chest_xray\chest_xray\train\NORMAL\IM-0495-0001.jpeg,train,NORMAL,4
d:\Pneum Det\archive\chest_xray\chest_xray\train\NORMAL\IM-0674-0001.jpeg,train,NORMAL,d:\Pneum Det\archive\chest_xray\chest_xray\train\NORMAL\IM-0266-0001.jpeg,train,NORMAL,2
d:\Pneum Det\archive\chest_xray\chest_xray\train\NORMAL\NORMAL2-IM-0696-0001.jpeg,train,NORMAL,d:\Pneum Det\archive\chest_xray\chest_xray\train\NORMAL\NORMAL2-IM-0423-0001.jpeg,train,NORMAL,4
d:\Pneum Det\archive\chest_xray\chest_xray\train\NORMAL\IM-0688-0001.jpeg,train,NORMAL,d:\Pneum Det\archive\chest_xray\chest_xray\train\NORMAL\IM-0290-0001.jpeg,train,NORMAL,4
d:\Pneum Det\archive\chest_xray\chest_xray\train\NORMAL\IM-0688-0001.jpeg,train,NORMAL,d:\Pneum Det\archive\chest_xray\chest_xray\train\NORMAL\NORMAL2-IM-0983-0001.jpeg,train,NORMAL,4
d:\Pneum Det\archive\chest_xray\chest_xray\train\NORMAL\IM-0688-0001.jpeg,train,NORMAL,d:\Pneum Det\archive\chest_xray\chest_xray\train\NORMAL\NORMAL2-IM-1260-0001.jpeg,train,NORMAL,4
d:\Pneum Det\archive\chest_xray\chest_xray\train\NORMAL\IM-0678-0001.jpeg,train,NORMAL,d:\Pneum Det\archive\chest_xray\chest_xray\train\NORMAL\NORMAL2-IM-0423-0001.jpeg,train,NORMAL,4
d:\Pneum Det\archive\chest_xray\chest_xray\train\NORMAL\IM-0678-0001.jpeg,train,NORMAL,d:\Pneum Det\archive\chest_xray\chest_xray\train\NORMAL\NORMAL2-IM-0696-0001.jpeg,train,NORMAL,4
d:\Pneum Det\archive\chest_xray\chest_xray\train\NORMAL\IM-0678-0001.jpeg,train,NORMAL,d:\Pneum Det\archive\chest_xray\chest_xray\train\NORMAL\NORMAL2-IM-0820-0001.jpeg,train,NORMAL,4
d:\Pneum Det\archive\chest_xray\chest_xray\train\NORMAL\NORMAL2-IM-0772-0001.jpeg,train,NORMAL,d:\Pneum Det\archive\chest_xray\chest_xray\train\NORMAL\NORMAL2-IM-1177-0001.jpeg,train,NORMAL,4
d:\Pneum Det\archive\chest_xray\chest_xray\train\NORMAL\NORMAL2-IM-0633-0001.jpeg,train,NORMAL,d:\Pneum Det\archive\chest_xray\chest_xray\train\NORMAL\IM-0646-0001.jpeg,train,NORMAL,4
d:\Pneum Det\archive\chest_xray\chest_xray\train\NORMAL\NORMAL2-IM-0633-0001.jpeg,train,NORMAL,d:\Pneum Det\archive\chest_xray\chest_xray\train\NORMAL\NORMAL2-IM-1260-0001.jpeg,train,NORMAL,4
d:\Pneum Det\archive\chest_xray\chest_xray\train\NORMAL\NORMAL2-IM-0433-0001.jpeg,train,NORMAL,d:\Pneum Det\archive\chest_xray\chest_xray\train\NORMAL\IM-0678-0001.jpeg,train,NORMAL,4
d:\Pneum Det\archive\chest_xray\chest_xray\train\NORMAL\NORMAL2-IM-0433-0001.jpeg,train,NORMAL,d:\Pneum Det\archive\chest_xray\chest_xray\train\NORMAL\IM-0313-0001.jpeg,train,NORMAL,4
d:\Pneum Det\archive\chest_xray\chest_xray\train\NORMAL\NORMAL2-IM-0433-0001.jpeg,train,NORMAL,d:\Pneum Det\archive\chest_xray\chest_xray\train\NORMAL\NORMAL2-IM-1226-0001.jpeg,train,NORMAL,4
d:\Pneum Det\archive\chest_xray\chest_xray\train\NORMAL\NORMAL2-IM-1136-0001.jpeg,train,NORMAL,d:\Pneum Det\archive\chest_xray\chest_xray\train\NORMAL\NORMAL2-IM-1114-0001.jpeg,train,NORMAL,2
d:\Pneum Det\archive\chest_xray\chest_xray\train\PNEUMONIA\person513_virus_1030.jpeg,train,PNEUMONIA,d:\Pneum Det\archive\chest_xray\chest_xray\train\NORMAL\IM-0678-0001.jpeg,train,NORMAL,4
d:\Pneum Det\archive\chest_xray\chest_xray\train\PNEUMONIA\person274_bacteria_1290.jpeg,train,PNEUMONIA,d:\Pneum Det\archive\chest_xray\chest_xray\train\NORMAL\NORMAL2-IM-1114-0001.jpeg,train,NORMAL,4
d:\Pneum Det\archive\chest_xray\chest_xray\train\PNEUMONIA\person274_bacteria_1290.jpeg,train,PNEUMONIA,d:\Pneum Det\archive\chest_xray\chest_xray\train\NORMAL\IM-0266-0001.jpeg,train,NORMAL,4
d:\Pneum Det\archive\chest_xray\chest_xray\train\PNEUMONIA\person1417_bacteria_3635.jpeg,train,PNEUMONIA,d:\Pneum Det\archive\chest_xray\chest_xray\train\PNEUMONIA\person1164_virus_1958.jpeg,train,PNEUMONIA,4
d:\Pneum Det\archive\chest_xray\chest_xray\train\PNEUMONIA\person512_virus_1029.jpeg,train,PNEUMONIA,d:\Pneum Det\archive\chest_xray\chest_xray\train\NORMAL\IM-0551-0001-0002.jpeg,train,NORMAL,4
d:\Pneum Det\archive\chest_xray\chest_xray\train\PNEUMONIA\person328_virus_681.jpeg,train,PNEUMONIA,d:\Pneum Det\archive\chest_xray\chest_xray\train\PNEUMONIA\person274_bacteria_1290.jpeg,train,PNEUMONIA,4
d:\Pneum Det\archive\chest_xray\chest_xray\train\NORMAL\NORMAL2-IM-1164-0001.jpeg,train,NORMAL,d:\Pneum Det\archive\chest_xray\chest_xray\train\PNEUMONIA\person423_virus_869.jpeg,train,PNEUMONIA,4
d:\Pneum Det\archive\chest_xray\chest_xray\train\NORMAL\NORMAL2-IM-0814-0001.jpeg,train,NORMAL,d:\Pneum Det\archive\chest_xray\chest_xray\train\NORMAL\NORMAL2-IM-1261-0001.jpeg,train,NORMAL,2
d:\Pneum Det\archive\chest_xray\chest_xray\train\NORMAL\NORMAL2-IM-0814-0001.jpeg,train,NORMAL,d:\Pneum Det\archive\chest_xray\chest_xray\train\NORMAL\IM-0635-0001.jpeg,train,NORMAL,4
d:\Pneum Det\archive\chest_xray\chest_xray\train\NORMAL\NORMAL2-IM-1020-0001.jpeg,train,NORMAL,d:\Pneum Det\archive\chest_xray\chest_xray\train\PNEUMONIA\person517_bacteria_2196.jpeg,train,PNEUMONIA,4
d:\Pneum Det\archive\chest_xray\chest_xray\train\NORMAL\NORMAL2-IM-0521-0001.jpeg,train,NORMAL,d:\Pneum Det\archive\chest_xray\chest_xray\train\NORMAL\NORMAL2-IM-1020-0001.jpeg,train,NORMAL,4
d:\Pneum Det\archive\chest_xray\chest_xray\train\NORMAL\NORMAL2-IM-0521-0001.jpeg,train,NORMAL,d:\Pneum Det\archive\chest_xray\chest_xray\train\NORMAL\IM-0495-0001.jpeg,train,NORMAL,4
d:\Pneum Det\archive\chest_xray\chest_xray\train\PNEUMONIA\person1544_virus_2685.jpeg,train,PNEUMONIA,d:\Pneum Det\archive\chest_xray\chest_xray\test\PNEUMONIA\person20_virus_51.jpeg,test,PNEUMONIA,4
d:\Pneum Det\archive\chest_xray\chest_xray\test\NORMAL\NORMAL2-IM-0343-0001.jpeg,test,NORMAL,d:\Pneum Det\archive\chest_xray\chest_xray\train\NORMAL\NORMAL2-IM-0521-0001.jpeg,train,NORMAL,4
d:\Pneum Det\archive\chest_xray\chest_xray\test\NORMAL\NORMAL2-IM-0343-0001.jpeg,test,NORMAL,d:\Pneum Det\archive\chest_xray\chest_xray\train\NORMAL\NORMAL2-IM-0433-0001.jpeg,train,NORMAL,4
d:\Pneum Det\archive\chest_xray\chest_xray\train\NORMAL\IM-0119-0001.jpeg,train,NORMAL,d:\Pneum Det\archive\chest_xray\chest_xray\train\PNEUMONIA\person706_virus_1304.jpeg,train,PNEUMONIA,4
d:\Pneum Det\archive\chest_xray\chest_xray\train\PNEUMONIA\person353_virus_728.jpeg,train,PNEUMONIA,d:\Pneum Det\archive\chest_xray\chest_xray\train\PNEUMONIA\person614_virus_1183.jpeg,train,PNEUMONIA,4
d:\Pneum Det\archive\chest_xray\chest_xray\train\NORMAL\IM-0519-0001-0001.jpeg,train,NORMAL,d:\Pneum Det\archive\chest_xray\chest_xray\train\NORMAL\IM-0553-0001-0003.jpeg,train,NORMAL,4
d:\Pneum Det\archive\chest_xray\chest_xray\train\PNEUMONIA\person1205_bacteria_3157.jpeg,train,PNEUMONIA,d:\Pneum Det\archive\chest_xray\chest_xray\train\NORMAL\IM-0290-0001.jpeg,train,NORMAL,4
d:\Pneum Det\archive\chest_xray\chest_xray\train\PNEUMONIA\person1205_bacteria_3157.jpeg,train,PNEUMONIA,d:\Pneum Det\archive\chest_xray\chest_xray\train\NORMAL\NORMAL2-IM-1136-0001.jpeg,train,NORMAL,4
d:\Pneum Det\archive\chest_xray\chest_xray\train\NORMAL\IM-0631-0001-0002.jpeg,train,NORMAL,d:\Pneum Det\archive\chest_xray\chest_xray\train\NORMAL\IM-0318-0001.jpeg,train,NORMAL,4
d:\Pneum Det\archive\chest_xray\chest_xray\train\NORMAL\NORMAL2-IM-0971-0001-0002.jpeg,train,NORMAL,d:\Pneum Det\archive\chest_xray\chest_xray\train\NORMAL\NORMAL2-IM-0423-0001.jpeg,train,NORMAL,4
d:\Pneum Det\archive\chest_xray\chest_xray\train\NORMAL\NORMAL2-IM-0971-0001-0002.jpeg,train,NORMAL,d:\Pneum Det\archive\chest_xray\chest_xray\train\NORMAL\NORMAL2-IM-0696-0001.jpeg,train,NORMAL,4
d:\Pneum Det\archive\chest_xray\chest_xray\train\NORMAL\NORMAL2-IM-0971-0001-0002.jpeg,train,NORMAL,d:\Pneum Det\archive\chest_xray\chest_xray\train\NORMAL\NORMAL2-IM-1260-0001.jpeg,train,NORMAL,4
d:\Pneum Det\archive\chest_xray\chest_xray\train\NORMAL\NORMAL2-IM-0971-0001-0002.jpeg,train,NORMAL,d:\Pneum Det\archive\chest_xray\chest_xray\train\NORMAL\IM-0678-0001.jpeg,train,NORMAL,4
d:\Pneum Det\archive\chest_xray\chest_xray\train\NORMAL\NORMAL2-IM-0971-0001-0002.jpeg,train,NORMAL,d:\Pneum Det\archive\chest_xray\chest_xray\train\NORMAL\NORMAL2-IM-0633-0001.jpeg,train,NORMAL,4
d:\Pneum Det\archive\chest_xray\chest_xray\train\NORMAL\NORMAL2-IM-0757-0001.jpeg,train,NORMAL,d:\Pneum Det\archive\chest_xray\chest_xray\train\PNEUMONIA\person1527_virus_2661.jpeg,train,PNEUMONIA,4
d:\Pneum Det\archive\chest_xray\chest_xray\train\NORMAL\IM-0529-0001.jpeg,train,NORMAL,d:\Pneum Det\archive\chest_xray\chest_xray\train\NORMAL\IM-0678-0001.jpeg,train,NORMAL,4
d:\Pneum Det\archive\chest_xray\chest_xray\train\NORMAL\NORMAL2-IM-1058-0001.jpeg,train,NORMAL,d:\Pneum Det\archive\chest_xray\chest_xray\train\NORMAL\NORMAL2-IM-0971-0001-0002.jpeg,train,NORMAL,4
d:\Pneum Det\archive\chest_xray\chest_xray\train\NORMAL\NORMAL2-IM-1187-0001.jpeg,train,NORMAL,d:\Pneum Det\archive\chest_xray\chest_xray\train\NORMAL\NORMAL2-IM-1058-0001.jpeg,train,NORMAL,4
d:\Pneum Det\archive\chest_xray\chest_xray\train\PNEUMONIA\person818_bacteria_2729.jpeg,train,PNEUMONIA,d:\Pneum Det\archive\chest_xray\chest_xray\train\PNEUMONIA\person45_bacteria_221.jpeg,train,PNEUMONIA,4
d:\Pneum Det\archive\chest_xray\chest_xray\train\NORMAL\NORMAL2-IM-0869-0001.jpeg,train,NORMAL,d:\Pneum Det\archive\chest_xray\chest_xray\train\NORMAL\NORMAL2-IM-0395-0001.jpeg,train,NORMAL,2
d:\Pneum Det\archive\chest_xray\chest_xray\train\NORMAL\IM-0255-0001.jpeg,train,NORMAL,d:\Pneum Det\archive\chest_xray\chest_xray\test\NORMAL\NORMAL2-IM-0343-0001.jpeg,test,NORMAL,4
d:\Pneum Det\archive\chest_xray\chest_xray\train\NORMAL\IM-0255-0001.jpeg,train,NORMAL,d:\Pneum Det\archive\chest_xray\chest_xray\train\NORMAL\IM-0624-0001.jpeg,train,NORMAL,4
d:\Pneum Det\archive\chest_xray\chest_xray\train\NORMAL\NORMAL2-IM-1094-0001-0002.jpeg,train,NORMAL,d:\Pneum Det\archive\chest_xray\chest_xray\train\NORMAL\IM-0255-0001.jpeg,train,NORMAL,4
d:\Pneum Det\archive\chest_xray\chest_xray\train\NORMAL\NORMAL2-IM-1094-0001-0002.jpeg,train,NORMAL,d:\Pneum Det\archive\chest_xray\chest_xray\train\NORMAL\IM-0624-0001.jpeg,train,NORMAL,4
d:\Pneum Det\archive\chest_xray\chest_xray\train\NORMAL\NORMAL2-IM-0533-0001.jpeg,train,NORMAL,d:\Pneum Det\archive\chest_xray\chest_xray\train\NORMAL\NORMAL2-IM-1020-0001.jpeg,train,NORMAL,4
d:\Pneum Det\archive\chest_xray\chest_xray\test\PNEUMONIA\person50_virus_102.jpeg,test,PNEUMONIA,d:\Pneum Det\archive\chest_xray\chest_xray\train\NORMAL\NORMAL2-IM-0652-0001.jpeg,train,NORMAL,4
d:\Pneum Det\archive\chest_xray\chest_xray\train\NORMAL\NORMAL2-IM-0981-0001.jpeg,train,NORMAL,d:\Pneum Det\archive\chest_xray\chest_xray\train\NORMAL\IM-0666-0001-0001.jpeg,train,NORMAL,4
d:\Pneum Det\archive\chest_xray\chest_xray\train\NORMAL\NORMAL2-IM-0981-0001.jpeg,train,NORMAL,d:\Pneum Det\archive\chest_xray\chest_xray\train\NORMAL\NORMAL2-IM-1270-0001.jpeg,train,NORMAL,4
d:\Pneum Det\archive\chest_xray\chest_xray\train\NORMAL\NORMAL2-IM-0871-0001.jpeg,train,NORMAL,d:\Pneum Det\archive\chest_xray\chest_xray\train\NORMAL\NORMAL2-IM-0981-0001.jpeg,train,NORMAL,4
d:\Pneum Det\archive\chest_xray\chest_xray\test\PNEUMONIA\person35_virus_80.jpeg,test,PNEUMONIA,d:\Pneum Det\archive\chest_xray\chest_xray\train\NORMAL\IM-0300-0001.jpeg,train,NORMAL,4
d:\Pneum Det\archive\chest_xray\chest_xray\test\PNEUMONIA\person42_virus_89.jpeg,test,PNEUMONIA,d:\Pneum Det\archive\chest_xray\chest_xray\train\PNEUMONIA\person1438_bacteria_3715.jpeg,train,PNEUMONIA,4
d:\Pneum Det\archive\chest_xray\chest_xray\train\NORMAL\IM-0571-0001.jpeg,train,NORMAL,d:\Pneum Det\archive\chest_xray\chest_xray\train\NORMAL\NORMAL2-IM-1020-0001.jpeg,train,NORMAL,4
d:\Pneum Det\archive\chest_xray\chest_xray\train\NORMAL\IM-0457-0001.jpeg,train,NORMAL,d:\Pneum Det\archive\chest_xray\chest_xray\train\NORMAL\IM-0401-0001.jpeg,train,NORMAL,4
d:\Pneum Det\archive\chest_xray\chest_xray\train\NORMAL\IM-0245-0001.jpeg,train,NORMAL,d:\Pneum Det\archive\chest_xray\chest_xray\train\PNEUMONIA\person50_bacteria_238.jpeg,train,PNEUMONIA,4
d:\Pneum Det\archive\chest_xray\chest_xray\train\NORMAL\NORMAL2-IM-1247-0001.jpeg,train,NORMAL,d:\Pneum Det\archive\chest_xray\chest_xray\train\NORMAL\NORMAL2-IM-1054-0001.jpeg,train,NORMAL,4
d:\Pneum Det\archive\chest_xray\chest_xray\train\NORMAL\NORMAL2-IM-0929-0001.jpeg,train,NORMAL,d:\Pneum Det\archive\chest_xray\chest_xray\train\NORMAL\NORMAL2-IM-0814-0001.jpeg,train,NORMAL,4
d:\Pneum Det\archive\chest_xray\chest_xray\train\NORMAL\IM-0225-0001.jpeg,train,NORMAL,d:\Pneum Det\archive\chest_xray\chest_xray\train\NORMAL\IM-0504-0001.jpeg,train,NORMAL,4
d:\Pneum Det\archive\chest_xray\chest_xray\train\NORMAL\NORMAL2-IM-0686-0001.jpeg,train,NORMAL,d:\Pneum Det\archive\chest_xray\chest_xray\train\NORMAL\NORMAL2-IM-1060-0001.jpeg,train,NORMAL,4
d:\Pneum Det\archive\chest_xray\chest_xray\train\NORMAL\NORMAL2-IM-0870-0001.jpeg,train,NORMAL,d:\Pneum Det\archive\chest_xray\chest_xray\train\NORMAL\NORMAL2-IM-0686-0001.jpeg,train,NORMAL,4
d:\Pneum Det\archive\chest_xray\chest_xray\train\NORMAL\NORMAL2-IM-1306-0001.jpeg,train,NORMAL,d:\Pneum Det\archive\chest_xray\chest_xray\train\NORMAL\NORMAL2-IM-0490-0001.jpeg,train,NORMAL,4
d:\Pneum Det\archive\chest_xray\chest_xray\train\NORMAL\IM-0520-0001.jpeg,train,NORMAL,d:\Pneum Det\archive\chest_xray\chest_xray\test\PNEUMONIA\person88_bacteria_439.jpeg,test,PNEUMONIA,4
d:\Pneum Det\archive\chest_xray\chest_xray\train\NORMAL\IM-0475-0001.jpeg,train,NORMAL,d:\Pneum Det\archive\chest_xray\chest_xray\test\NORMAL\IM-0070-0001.jpeg,test,NORMAL,4
d:\Pneum Det\archive\chest_xray\chest_xray\train\NORMAL\NORMAL2-IM-0564-0001.jpeg,train,NORMAL,d:\Pneum Det\archive\chest_xray\chest_xray\train\NORMAL\IM-0475-0001.jpeg,train,NORMAL,4
d:\Pneum Det\archive\chest_xray\chest_xray\train\NORMAL\NORMAL2-IM-0951-0001.jpeg,train,NORMAL,d:\Pneum Det\archive\chest_xray\chest_xray\train\NORMAL\NORMAL2-IM-0564-0001.jpeg,train,NORMAL,4
d:\Pneum Det\archive\chest_xray\chest_xray\train\NORMAL\NORMAL2-IM-0951-0001.jpeg,train,NORMAL,d:\Pneum Det\archive\chest_xray\chest_xray\train\NORMAL\IM-0475-0001.jpeg,train,NORMAL,4
d:\Pneum Det\archive\chest_xray\chest_xray\train\NORMAL\NORMAL2-IM-0951-0001.jpeg,train,NORMAL,d:\Pneum Det\archive\chest_xray\chest_xray\train\NORMAL\NORMAL2-IM-1152-0001-0001.jpeg,train,NORMAL,4
d:\Pneum Det\archive\chest_xray\chest_xray\train\NORMAL\IM-0274-0001.jpeg,train,NORMAL,d:\Pneum Det\archive\chest_xray\chest_xray\train\NORMAL\IM-0502-0001.jpeg,train,NORMAL,4
d:\Pneum Det\archive\chest_xray\chest_xray\test\PNEUMONIA\person1679_virus_2896.jpeg,test,PNEUMONIA,d:\Pneum Det\archive\chest_xray\chest_xray\val\NORMAL\NORMAL2-IM-1431-0001.jpeg,val,NORMAL,4
d:\Pneum Det\archive\chest_xray\chest_xray\train\PNEUMONIA\person628_virus_1206.jpeg,train,PNEUMONIA,d:\Pneum Det\archive\chest_xray\chest_xray\train\PNEUMONIA\person523_virus_1043.jpeg,train,PNEUMONIA,4
d:\Pneum Det\archive\chest_xray\chest_xray\train\NORMAL\NORMAL2-IM-1088-0001.jpeg,train,NORMAL,d:\Pneum Det\archive\chest_xray\chest_xray\train\NORMAL\NORMAL2-IM-0449-0001.jpeg,train,NORMAL,4
d:\Pneum Det\archive\chest_xray\chest_xray\train\NORMAL\NORMAL2-IM-1258-0001-0002.jpeg,train,NORMAL,d:\Pneum Det\archive\chest_xray\chest_xray\train\NORMAL\NORMAL2-IM-1303-0001.jpeg,train,NORMAL,4
d:\Pneum Det\archive\chest_xray\chest_xray\train\PNEUMONIA\person277_bacteria_1306.jpeg,train,PNEUMONIA,d:\Pneum Det\archive\chest_xray\chest_xray\train\PNEUMONIA\person482_bacteria_2044.jpeg,train,PNEUMONIA,4
d:\Pneum Det\archive\chest_xray\chest_xray\train\PNEUMONIA\person1242_bacteria_3198.jpeg,train,PNEUMONIA,d:\Pneum Det\archive\chest_xray\chest_xray\train\NORMAL\NORMAL2-IM-0521-0001.jpeg,train,NORMAL,4
d:\Pneum Det\archive\chest_xray\chest_xray\train\NORMAL\NORMAL2-IM-1314-0001.jpeg,train,NORMAL,d:\Pneum Det\archive\chest_xray\chest_xray\train\NORMAL\IM-0445-0001.jpeg,train,NORMAL,4
d:\Pneum Det\archive\chest_xray\chest_xray\train\NORMAL\NORMAL2-IM-0888-0001.jpeg,train,NORMAL,d:\Pneum Det\archive\chest_xray\chest_xray\train\NORMAL\IM-0440-0001.jpeg,train,NORMAL,4
d:\Pneum Det\archive\chest_xray\chest_xray\train\NORMAL\NORMAL2-IM-0547-0001.jpeg,train,NORMAL,d:\Pneum Det\archive\chest_xray\chest_xray\train\NORMAL\NORMAL2-IM-0971-0001-0002.jpeg,train,NORMAL,4
d:\Pneum Det\archive\chest_xray\chest_xray\train\NORMAL\IM-0543-0001-0002.jpeg,train,NORMAL,d:\Pneum Det\archive\chest_xray\chest_xray\train\NORMAL\IM-0648-0001.jpeg,train,NORMAL,4
d:\Pneum Det\archive\chest_xray\chest_xray\train\NORMAL\NORMAL2-IM-0647-0001.jpeg,train,NORMAL,d:\Pneum Det\archive\chest_xray\chest_xray\train\NORMAL\NORMAL2-IM-0937-0001.jpeg,train,NORMAL,4
d:\Pneum Det\archive\chest_xray\chest_xray\train\PNEUMONIA\person833_virus_1469.jpeg,train,PNEUMONIA,d:\Pneum Det\archive\chest_xray\chest_xray\train\NORMAL\NORMAL2-IM-0421-0001.jpeg,train,NORMAL,4
d:\Pneum Det\archive\chest_xray\chest_xray\train\PNEUMONIA\person833_virus_1469.jpeg,train,PNEUMONIA,d:\Pneum Det\archive\chest_xray\chest_xray\train\NORMAL\NORMAL2-IM-0937-0001.jpeg,train,NORMAL,4
d:\Pneum Det\archive\chest_xray\chest_xray\train\NORMAL\IM-0459-0001.jpeg,train,NORMAL,d:\Pneum Det\archive\chest_xray\chest_xray\train\PNEUMONIA\person833_virus_1469.jpeg,train,PNEUMONIA,4
d:\Pneum Det\archive\chest_xray\chest_xray\train\NORMAL\IM-0694-0001.jpeg,train,NORMAL,d:\Pneum Det\archive\chest_xray\chest_xray\train\PNEUMONIA\person1418_bacteria_3643.jpeg,train,PNEUMONIA,4
d:\Pneum Det\archive\chest_xray\chest_xray\train\PNEUMONIA\person673_virus_1263.jpeg,train,PNEUMONIA,d:\Pneum Det\archive\chest_xray\chest_xray\train\PNEUMONIA\person331_bacteria_1527.jpeg,train,PNEUMONIA,4
d:\Pneum Det\archive\chest_xray\chest_xray\train\PNEUMONIA\person955_bacteria_2880.jpeg,train,PNEUMONIA,d:\Pneum Det\archive\chest_xray\chest_xray\train\PNEUMONIA\person673_virus_1263.jpeg,train,PNEUMONIA,4
d:\Pneum Det\archive\chest_xray\chest_xray\train\PNEUMONIA\person1110_virus_1835.jpeg,train,PNEUMONIA,d:\Pneum Det\archive\chest_xray\chest_xray\train\PNEUMONIA\person1219_virus_2067.jpeg,train,PNEUMONIA,4
d:\Pneum Det\archive\chest_xray\chest_xray\train\NORMAL\IM-0158-0001.jpeg,train,NORMAL,d:\Pneum Det\archive\chest_xray\chest_xray\train\PNEUMONIA\person1912_bacteria_4816.jpeg,train,PNEUMONIA,4
d:\Pneum Det\archive\chest_xray\chest_xray\train\PNEUMONIA\person255_bacteria_1162.jpeg,train,PNEUMONIA,d:\Pneum Det\archive\chest_xray\chest_xray\train\NORMAL\IM-0525-0001-0002.jpeg,train,NORMAL,4
d:\Pneum Det\archive\chest_xray\chest_xray\train\PNEUMONIA\person490_virus_996.jpeg,train,PNEUMONIA,d:\Pneum Det\archive\chest_xray\chest_xray\test\NORMAL\IM-0095-0001.jpeg,test,NORMAL,4
d:\Pneum Det\archive\chest_xray\chest_xray\train\NORMAL\IM-0237-0001.jpeg,train,NORMAL,d:\Pneum Det\archive\chest_xray\chest_xray\train\NORMAL\IM-0364-0001.jpeg,train,NORMAL,4
d:\Pneum Det\archive\chest_xray\chest_xray\train\NORMAL\NORMAL2-IM-1350-0001.jpeg,train,NORMAL,d:\Pneum Det\archive\chest_xray\chest_xray\train\NORMAL\IM-0364-0001.jpeg,train,NORMAL,4
d:\Pneum Det\archive\chest_xray\chest_xray\train\NORMAL\NORMAL2-IM-1350-0001.jpeg,train,NORMAL,d:\Pneum Det\archive\chest_xray\chest_xray\train\NORMAL\IM-0237-0001.jpeg,train,NORMAL,2
d:\Pneum Det\archive\chest_xray\chest_xray\test\NORMAL\NORMAL2-IM-0321-0001.jpeg,test,NORMAL,d:\Pneum Det\archive\chest_xray\chest_xray\train\NORMAL\IM-0237-0001.jpeg,train,NORMAL,4
d:\Pneum Det\archive\chest_xray\chest_xray\test\NORMAL\NORMAL2-IM-0321-0001.jpeg,test,NORMAL,d:\Pneum Det\archive\chest_xray\chest_xray\train\NORMAL\NORMAL2-IM-0517-0001.jpeg,train,NORMAL,4
d:\Pneum Det\archive\chest_xray\chest_xray\test\NORMAL\NORMAL2-IM-0321-0001.jpeg,test,NORMAL,d:\Pneum Det\archive\chest_xray\chest_xray\train\NORMAL\NORMAL2-IM-0930-0001.jpeg,train,NORMAL,4
d:\Pneum Det\archive\chest_xray\chest_xray\train\NORMAL\IM-0713-0001.jpeg,train,NORMAL,d:\Pneum Det\archive\chest_xray\chest_xray\test\NORMAL\NORMAL2-IM-0321-0001.jpeg,test,NORMAL,4
d:\Pneum Det\archive\chest_xray\chest_xray\train\NORMAL\IM-0304-0001.jpeg,train,NORMAL,d:\Pneum Det\archive\chest_xray\chest_xray\train\NORMAL\NORMAL2-IM-1350-0001.jpeg,train,NORMAL,4
d:\Pneum Det\archive\chest_xray\chest_xray\train\NORMAL\IM-0304-0001.jpeg,train,NORMAL,d:\Pneum Det\archive\chest_xray\chest_xray\train\NORMAL\IM-0237-0001.jpeg,train,NORMAL,4
d:\Pneum Det\archive\chest_xray\chest_xray\test\NORMAL\NORMAL2-IM-0139-0001.jpeg,test,NORMAL,d:\Pneum Det\archive\chest_xray\chest_xray\test\NORMAL\NORMAL2-IM-0321-0001.jpeg,test,NORMAL,4
d:\Pneum Det\archive\chest_xray\chest_xray\train\NORMAL\IM-0303-0001.jpeg,train,NORMAL,d:\Pneum Det\archive\chest_xray\chest_xray\test\NORMAL\NORMAL2-IM-0139-0001.jpeg,test,NORMAL,4
d:\Pneum Det\archive\chest_xray\chest_xray\train\NORMAL\NORMAL2-IM-1221-0001.jpeg,train,NORMAL,d:\Pneum Det\archive\chest_xray\chest_xray\train\NORMAL\IM-0400-0001.jpeg,train,NORMAL,4
d:\Pneum Det\archive\chest_xray\chest_xray\train\PNEUMONIA\person597_virus_1150.jpeg,train,PNEUMONIA,d:\Pneum Det\archive\chest_xray\chest_xray\train\NORMAL\IM-0304-0001.jpeg,train,NORMAL,4
d:\Pneum Det\archive\chest_xray\chest_xray\train\NORMAL\IM-0752-0001.jpeg,train,NORMAL,d:\Pneum Det\archive\chest_xray\chest_xray\train\PNEUMONIA\person1230_virus_2081.jpeg,train,PNEUMONIA,4
d:\Pneum Det\archive\chest_xray\chest_xray\train\PNEUMONIA\person1855_bacteria_4727.jpeg,train,PNEUMONIA,d:\Pneum Det\archive\chest_xray\chest_xray\train\PNEUMONIA\person1484_bacteria_3878.jpeg,train,PNEUMONIA,4
d:\Pneum Det\archive\chest_xray\chest_xray\train\NORMAL\NORMAL2-IM-0842-0001.jpeg,train,NORMAL,d:\Pneum Det\archive\chest_xray\chest_xray\train\NORMAL\NORMAL2-IM-1348-0001.jpeg,train,NORMAL,4
d:\Pneum Det\archive\chest_xray\chest_xray\train\NORMAL\IM-0650-0001-0002.jpeg,train,NORMAL,d:\Pneum Det\archive\chest_xray\chest_xray\test\NORMAL\NORMAL2-IM-0060-0001.jpeg,test,NORMAL,4
d:\Pneum Det\archive\chest_xray\chest_xray\test\NORMAL\NORMAL2-IM-0033-0001.jpeg,test,NORMAL,d:\Pneum Det\archive\chest_xray\chest_xray\train\PNEUMONIA\person1313_bacteria_3320.jpeg,train,PNEUMONIA,4
d:\Pneum Det\archive\chest_xray\chest_xray\test\NORMAL\NORMAL2-IM-0033-0001.jpeg,test,NORMAL,d:\Pneum Det\archive\chest_xray\chest_xray\train\NORMAL\NORMAL2-IM-0521-0001.jpeg,train,NORMAL,4
d:\Pneum Det\archive\chest_xray\chest_xray\train\PNEUMONIA\person496_virus_1003.jpeg,train,PNEUMONIA,d:\Pneum Det\archive\chest_xray\chest_xray\train\NORMAL\IM-0650-0001-0002.jpeg,train,NORMAL,4
d:\Pneum Det\archive\chest_xray\chest_xray\train\PNEUMONIA\person496_virus_1003.jpeg,train,PNEUMONIA,d:\Pneum Det\archive\chest_xray\chest_xray\train\PNEUMONIA\person148_virus_298.jpeg,train,PNEUMONIA,4
d:\Pneum Det\archive\chest_xray\chest_xray\train\PNEUMONIA\person1036_bacteria_2970.jpeg,train,PNEUMONIA,d:\Pneum Det\archive\chest_xray\chest_xray\train\PNEUMONIA\person607_bacteria_2470.jpeg,train,PNEUMONIA,4
d:\Pneum Det\archive\chest_xray\chest_xray\train\NORMAL\NORMAL2-IM-0513-0001.jpeg,train,NORMAL,d:\Pneum Det\archive\chest_xray\chest_xray\train\PNEUMONIA\person481_virus_983.jpeg,train,PNEUMONIA,4
d:\Pneum Det\archive\chest_xray\chest_xray\train\NORMAL\IM-0515-0001.jpeg,train,NORMAL,d:\Pneum Det\archive\chest_xray\chest_xray\test\PNEUMONIA\person50_virus_102.jpeg,test,PNEUMONIA,4
d:\Pneum Det\archive\chest_xray\chest_xray\train\NORMAL\IM-0515-0001.jpeg,train,NORMAL,d:\Pneum Det\archive\chest_xray\chest_xray\train\NORMAL\IM-0291-0001.jpeg,train,NORMAL,4
d:\Pneum Det\archive\chest_xray\chest_xray\train\NORMAL\IM-0618-0001-0001.jpeg,train,NORMAL,d:\Pneum Det\archive\chest_xray\chest_xray\train\NORMAL\IM-0419-0001.jpeg,train,NORMAL,4
d:\Pneum Det\archive\chest_xray\chest_xray\train\NORMAL\IM-0551-0001-0001.jpeg,train,NORMAL,d:\Pneum Det\archive\chest_xray\chest_xray\train\NORMAL\IM-0223-0001.jpeg,train,NORMAL,4
d:\Pneum Det\archive\chest_xray\chest_xray\train\NORMAL\NORMAL2-IM-0472-0001.jpeg,train,NORMAL,d:\Pneum Det\archive\chest_xray\chest_xray\train\NORMAL\NORMAL2-IM-1225-0001.jpeg,train,NORMAL,4
d:\Pneum Det\archive\chest_xray\chest_xray\train\PNEUMONIA\person504_bacteria_2132.jpeg,train,PNEUMONIA,d:\Pneum Det\archive\chest_xray\chest_xray\train\PNEUMONIA\person1255_virus_2132.jpeg,train,PNEUMONIA,4
d:\Pneum Det\archive\chest_xray\chest_xray\train\NORMAL\IM-0637-0001.jpeg,train,NORMAL,d:\Pneum Det\archive\chest_xray\chest_xray\train\NORMAL\NORMAL2-IM-1106-0001.jpeg,train,NORMAL,4
d:\Pneum Det\archive\chest_xray\chest_xray\train\NORMAL\NORMAL2-IM-0806-0001.jpeg,train,NORMAL,d:\Pneum Det\archive\chest_xray\chest_xray\train\NORMAL\IM-0619-0001.jpeg,train,NORMAL,4
d:\Pneum Det\archive\chest_xray\chest_xray\train\NORMAL\IM-0168-0001.jpeg,train,NORMAL,d:\Pneum Det\archive\chest_xray\chest_xray\train\NORMAL\NORMAL2-IM-0806-0001.jpeg,train,NORMAL,4
d:\Pneum Det\archive\chest_xray\chest_xray\train\NORMAL\IM-0168-0001.jpeg,train,NORMAL,d:\Pneum Det\archive\chest_xray\chest_xray\train\NORMAL\NORMAL2-IM-1106-0001.jpeg,train,NORMAL,4
d:\Pneum Det\archive\chest_xray\chest_xray\train\NORMAL\NORMAL2-IM-1161-0001.jpeg,train,NORMAL,d:\Pneum Det\archive\chest_xray\chest_xray\train\NORMAL\NORMAL2-IM-0913-0001.jpeg,train,NORMAL,4
d:\Pneum Det\archive\chest_xray\chest_xray\train\NORMAL\IM-0560-0001.jpeg,train,NORMAL,d:\Pneum Det\archive\chest_xray\chest_xray\train\NORMAL\NORMAL2-IM-0629-0001.jpeg,train,NORMAL,4
d:\Pneum Det\archive\chest_xray\chest_xray\train\NORMAL\NORMAL2-IM-1002-0001.jpeg,train,NORMAL,d:\Pneum Det\archive\chest_xray\chest_xray\train\NORMAL\NORMAL2-IM-0629-0001.jpeg,train,NORMAL,4
d:\Pneum Det\archive\chest_xray\chest_xray\train\NORMAL\NORMAL2-IM-0936-0001.jpeg,train,NORMAL,d:\Pneum Det\archive\chest_xray\chest_xray\train\PNEUMONIA\person597_virus_1150.jpeg,train,PNEUMONIA,4
d:\Pneum Det\archive\chest_xray\chest_xray\train\NORMAL\NORMAL2-IM-0936-0001.jpeg,train,NORMAL,d:\Pneum Det\archive\chest_xray\chest_xray\train\NORMAL\IM-0304-0001.jpeg,train,NORMAL,4
d:\Pneum Det\archive\chest_xray\chest_xray\train\NORMAL\NORMAL2-IM-0936-0001.jpeg,train,NORMAL,d:\Pneum Det\archive\chest_xray\chest_xray\train\NORMAL\NORMAL2-IM-0629-0001.jpeg,train,NORMAL,4
d:\Pneum Det\archive\chest_xray\chest_xray\train\NORMAL\NORMAL2-IM-0936-0001.jpeg,train,NORMAL,d:\Pneum Det\archive\chest_xray\chest_xray\train\NORMAL\IM-0560-0001.jpeg,train,NORMAL,4
d:\Pneum Det\archive\chest_xray\chest_xray\train\NORMAL\NORMAL2-IM-0898-0001.jpeg,train,NORMAL,d:\Pneum Det\archive\chest_xray\chest_xray\train\NORMAL\NORMAL2-IM-0936-0001.jpeg,train,NORMAL,4
d:\Pneum Det\archive\chest_xray\chest_xray\train\NORMAL\IM-0697-0001.jpeg,train,NORMAL,d:\Pneum Det\archive\chest_xray\chest_xray\train\NORMAL\NORMAL2-IM-1161-0001.jpeg,train,NORMAL,4
d:\Pneum Det\archive\chest_xray\chest_xray\train\NORMAL\NORMAL2-IM-1041-0001.jpeg,train,NORMAL,d:\Pneum Det\archive\chest_xray\chest_xray\train\NORMAL\IM-0697-0001.jpeg,train,NORMAL,4
d:\Pneum Det\archive\chest_xray\chest_xray\train\NORMAL\NORMAL2-IM-1041-0001.jpeg,train,NORMAL,d:\Pneum Det\archive\chest_xray\chest_xray\train\NORMAL\NORMAL2-IM-1127-0001.jpeg,train,NORMAL,4
d:\Pneum Det\archive\chest_xray\chest_xray\train\NORMAL\IM-0507-0001.jpeg,train,NORMAL,d:\Pneum Det\archive\chest_xray\chest_xray\train\PNEUMONIA\person932_virus_1593.jpeg,train,PNEUMONIA,4
d:\Pneum Det\archive\chest_xray\chest_xray\train\NORMAL\IM-0507-0001.jpeg,train,NORMAL,d:\Pneum Det\archive\chest_xray\chest_xray\train\NORMAL\IM-0697-0001.jpeg,train,NORMAL,2
d:\Pneum Det\archive\chest_xray\chest_xray\train\NORMAL\NORMAL2-IM-1332-0001.jpeg,train,NORMAL,d:\Pneum Det\archive\chest_xray\chest_xray\train\NORMAL\NORMAL2-IM-1002-0001.jpeg,train,NORMAL,4
d:\Pneum Det\archive\chest_xray\chest_xray\train\NORMAL\IM-0299-0001.jpeg,train,NORMAL,d:\Pneum Det\archive\chest_xray\chest_xray\train\NORMAL\NORMAL2-IM-1332-0001.jpeg,train,NORMAL,2
d:\Pneum Det\archive\chest_xray\chest_xray\train\NORMAL\IM-0299-0001.jpeg,train,NORMAL,d:\Pneum Det\archive\chest_xray\chest_xray\train\NORMAL\NORMAL2-IM-1002-0001.jpeg,train,NORMAL,4
d:\Pneum Det\archive\chest_xray\chest_xray\train\NORMAL\IM-0182-0001.jpeg,train,NORMAL,d:\Pneum Det\archive\chest_xray\chest_xray\train\NORMAL\IM-0507-0001.jpeg,train,NORMAL,4
d:\Pneum Det\archive\chest_xray\chest_xray\train\NORMAL\IM-0182-0001.jpeg,train,NORMAL,d:\Pneum Det\archive\chest_xray\chest_xray\train\NORMAL\NORMAL2-IM-1332-0001.jpeg,train,NORMAL,4
d:\Pneum Det\archive\chest_xray\chest_xray\train\NORMAL\IM-0182-0001.jpeg,train,NORMAL,d:\Pneum Det\archive\chest_xray\chest_xray\train\NORMAL\IM-0697-0001.jpeg,train,NORMAL,4
d:\Pneum Det\archive\chest_xray\chest_xray\train\NORMAL\NORMAL2-IM-1020-0001-0002.jpeg,train,NORMAL,d:\Pneum Det\archive\chest_xray\chest_xray\test\NORMAL\IM-0059-0001.jpeg,test,NORMAL,4
d:\Pneum Det\archive\chest_xray\chest_xray\train\NORMAL\NORMAL2-IM-1020-0001-0002.jpeg,train,NORMAL,d:\Pneum Det\archive\chest_xray\chest_xray\train\NORMAL\NORMAL2-IM-0913-0001.jpeg,train,NORMAL,4
d:\Pneum Det\archive\chest_xray\chest_xray\train\NORMAL\NORMAL2-IM-1020-0001-0002.jpeg,train,NORMAL,d:\Pneum Det\archive\chest_xray\chest_xray\train\NORMAL\NORMAL2-IM-1041-0001.jpeg,train,NORMAL,2
d:\Pneum Det\archive\chest_xray\chest_xray\train\NORMAL\NORMAL2-IM-1020-0001-0002.jpeg,train,NORMAL,d:\Pneum Det\archive\chest_xray\chest_xray\train\NORMAL\IM-0697-0001.jpeg,train,NORMAL,4
d:\Pneum Det\archive\chest_xray\chest_xray\train\NORMAL\NORMAL2-IM-0611-0001.jpeg,train,NORMAL,d:\Pneum Det\archive\chest_xray\chest_xray\train\PNEUMONIA\person543_virus_1073.jpeg,train,PNEUMONIA,4
d:\Pneum Det\archive\chest_xray\chest_xray\train\PNEUMONIA\person113_virus_216.jpeg,train,PNEUMONIA,d:\Pneum Det\archive\chest_xray\chest_xray\train\PNEUMONIA\person543_virus_1073.jpeg,train,PNEUMONIA,4
d:\Pneum Det\archive\chest_xray\chest_xray\train\NORMAL\IM-0286-0001.jpeg,train,NORMAL,d:\Pneum Det\archive\chest_xray\chest_xray\train\NORMAL\NORMAL2-IM-1163-0001.jpeg,train,NORMAL,4
d:\Pneum Det\archive\chest_xray\chest_xray\train\NORMAL\IM-0286-0001.jpeg,train,NORMAL,d:\Pneum Det\archive\chest_xray\chest_xray\train\NORMAL\NORMAL2-IM-1084-0001.jpeg,train,NORMAL,4
d:\Pneum Det\archive\chest_xray\chest_xray\train\NORMAL\IM-0307-0001.jpeg,train,NORMAL,d:\Pneum Det\archive\chest_xray\chest_xray\train\NORMAL\IM-0286-0001.jpeg,train,NORMAL,2
d:\Pneum Det\archive\chest_xray\chest_xray\train\NORMAL\NORMAL2-IM-0416-0001.jpeg,train,NORMAL,d:\Pneum Det\archive\chest_xray\chest_xray\train\NORMAL\NORMAL2-IM-0936-0001.jpeg,train,NORMAL,4
d:\Pneum Det\archive\chest_xray\chest_xray\train\NORMAL\NORMAL2-IM-0980-0001.jpeg,train,NORMAL,d:\Pneum Det\archive\chest_xray\chest_xray\train\PNEUMONIA\person1380_bacteria_3515.jpeg,train,PNEUMONIA,4
d:\Pneum Det\archive\chest_xray\chest_xray\train\NORMAL\NORMAL2-IM-0849-0001.jpeg,train,NORMAL,d:\Pneum Det\archive\chest_xray\chest_xray\train\NORMAL\IM-0307-0001.jpeg,train,NORMAL,2
d:\Pneum Det\archive\chest_xray\chest_xray\train\NORMAL\NORMAL2-IM-0849-0001.jpeg,train,NORMAL,d:\Pneum Det\archive\chest_xray\chest_xray\train\NORMAL\NORMAL2-IM-1332-0001.jpeg,train,NORMAL,4
d:\Pneum Det\archive\chest_xray\chest_xray\train\NORMAL\NORMAL2-IM-0849-0001.jpeg,train,NORMAL,d:\Pneum Det\archive\chest_xray\chest_xray\train\NORMAL\IM-0299-0001.jpeg,train,NORMAL,4
d:\Pneum Det\archive\chest_xray\chest_xray\train\NORMAL\NORMAL2-IM-0849-0001.jpeg,train,NORMAL,d:\Pneum Det\archive\chest_xray\chest_xray\train\NORMAL\IM-0286-0001.jpeg,train,NORMAL,4
d:\Pneum Det\archive\chest_xray\chest_xray\train\NORMAL\IM-0476-0001.jpeg,train,NORMAL,d:\Pneum Det\archive\chest_xray\chest_xray\train\NORMAL\NORMAL2-IM-1098-0001.jpeg,train,NORMAL,4
d:\Pneum Det\archive\chest_xray\chest_xray\train\NORMAL\IM-0476-0001.jpeg,train,NORMAL,d:\Pneum Det\archive\chest_xray\chest_xray\train\NORMAL\IM-0307-0001.jpeg,train,NORMAL,4
d:\Pneum Det\archive\chest_xray\chest_xray\train\NORMAL\IM-0476-0001.jpeg,train,NORMAL,d:\Pneum Det\archive\chest_xray\chest_xray\train\NORMAL\IM-0286-0001.jpeg,train,NORMAL,2
d:\Pneum Det\archive\chest_xray\chest_xray\train\NORMAL\NORMAL2-IM-0698-0001.jpeg,train,NORMAL,d:\Pneum Det\archive\chest_xray\chest_xray\train\NORMAL\IM-0507-0001.jpeg,train,NORMAL,4
d:\Pneum Det\archive\chest_xray\chest_xray\train\NORMAL\NORMAL2-IM-0698-0001.jpeg,train,NORMAL,d:\Pneum Det\archive\chest_xray\chest_xray\train\NORMAL\NORMAL2-IM-1332-0001.jpeg,train,NORMAL,4
d:\Pneum Det\archive\chest_xray\chest_xray\train\NORMAL\NORMAL2-IM-0698-0001.jpeg,train,NORMAL,d:\Pneum Det\archive\chest_xray\chest_xray\train\NORMAL\IM-0697-0001.jpeg,train,NORMAL,4
d:\Pneum Det\archive\chest_xray\chest_xray\train\PNEUMONIA\person594_virus_1145.jpeg,train,PNEUMONIA,d:\Pneum Det\archive\chest_xray\chest_xray\train\PNEUMONIA\person543_virus_1073.jpeg,train,PNEUMONIA,4
d:\Pneum Det\archive\chest_xray\chest_xray\train\PNEUMONIA\person798_virus_1430.jpeg,train,PNEUMONIA,d:\Pneum Det\archive\chest_xray\chest_xray\train\PNEUMONIA\person1380_bacteria_3515.jpeg,train,PNEUMONIA,4
d:\Pneum Det\archive\chest_xray\chest_xray\test\NORMAL\NORMAL2-IM-0345-0001.jpeg,test,NORMAL,d:\Pneum Det\archive\chest_xray\chest_xray\train\PNEUMONIA\person1484_bacteria_3878.jpeg,train,PNEUMONIA,4
d:\Pneum Det\archive\chest_xray\chest_xray\train\NORMAL\NORMAL2-IM-1292-0001.jpeg,train,NORMAL,d:\Pneum Det\archive\chest_xray\chest_xray\train\NORMAL\IM-0612-0001.jpeg,train,NORMAL,4
d:\Pneum Det\archive\chest_xray\chest_xray\train\NORMAL\IM-0497-0001.jpeg,train,NORMAL,d:\Pneum Det\archive\chest_xray\chest_xray\train\NORMAL\NORMAL2-IM-0698-0001.jpeg,train,NORMAL,4
d:\Pneum Det\archive\chest_xray\chest_xray\train\NORMAL\NORMAL2-IM-1277-0001-0001.jpeg,train,NORMAL,d:\Pneum Det\archive\chest_xray\chest_xray\train\NORMAL\NORMAL2-IM-0437-0001.jpeg,train,NORMAL,4
d:\Pneum Det\archive\chest_xray\chest_xray\train\NORMAL\NORMAL2-IM-0914-0001.jpeg,train,NORMAL,d:\Pneum Det\archive\chest_xray\chest_xray\train\NORMAL\NORMAL2-IM-0698-0001.jpeg,train,NORMAL,4
d:\Pneum Det\archive\chest_xray\chest_xray\train\NORMAL\NORMAL2-IM-0914-0001.jpeg,train,NORMAL,d:\Pneum Det\archive\chest_xray\chest_xray\train\NORMAL\NORMAL2-IM-1292-0001.jpeg,train,NORMAL,4
d:\Pneum Det\archive\chest_xray\chest_xray\train\NORMAL\NORMAL2-IM-0859-0001.jpeg,train,NORMAL,d:\Pneum Det\archive\chest_xray\chest_xray\train\NORMAL\NORMAL2-IM-0388-0001.jpeg,train,NORMAL,4
d:\Pneum Det\archive\chest_xray\chest_xray\train\NORMAL\NORMAL2-IM-0859-0001.jpeg,train,NORMAL,d:\Pneum Det\archive\chest_xray\chest_xray\train\NORMAL\NORMAL2-IM-0698-0001.jpeg,train,NORMAL,4
d:\Pneum Det\archive\chest_xray\chest_xray\train\NORMAL\NORMAL2-IM-0859-0001.jpeg,train,NORMAL,d:\Pneum Det\archive\chest_xray\chest_xray\train\NORMAL\IM-0497-0001.jpeg,train,NORMAL,4
d:\Pneum Det\archive\chest_xray\chest_xray\train\NORMAL\NORMAL2-IM-0859-0001.jpeg,train,NORMAL,d:\Pneum Det\archive\chest_xray\chest_xray\train\NORMAL\IM-0697-0001.jpeg,train,NORMAL,4
d:\Pneum Det\archive\chest_xray\chest_xray\train\NORMAL\NORMAL2-IM-1190-0001.jpeg,train,NORMAL,d:\Pneum Det\archive\chest_xray\chest_xray\train\NORMAL\IM-0497-0001.jpeg,train,NORMAL,4
