candidate_idx,split_a,label_a,filename_a,split_b,label_b,filename_b,phash_dist,size_a,size_b,exact_sha_match,mae,category,explanation
0,train,NORMAL,NORMAL2-IM-1176-0001.jpeg,train,NORMAL,NORMAL2-IM-0892-0001.jpeg,2,"(2362, 2187)","(2022, 1947)",False,28.29,likely same study/patient,"Similar composition, MAE=28.29, phash_dist=2"
1,train,NORMAL,NORMAL2-IM-1176-0001.jpeg,train,NORMAL,IM-0719-0001.jpeg,4,"(2362, 2187)","(1550, 1452)",False,28.54,inconclusive,"pHash candidate match (dist=4), MAE=28.54, sizes (2362, 2187) vs (1550, 1452)"
2,train,NORMAL,IM-0391-0001.jpeg,train,NORMAL,NORMAL2-IM-1064-0001.jpeg,4,"(2222, 1669)","(1880, 1552)",False,27.56,inconclusive,"pHash candidate match (dist=4), MAE=27.56, sizes (2222, 1669) vs (1880, 1552)"
3,test,NORMAL,IM-0063-0001.jpeg,train,NORMAL,NORMAL2-IM-1226-0001.jpeg,2,"(2034, 1761)","(1902, 1608)",False,25.75,likely same study/patient,"Similar composition, MAE=25.75, phash_dist=2"
4,train,NORMAL,NORMAL2-IM-0820-0001.jpeg,train,NORMAL,IM-0446-0001.jpeg,4,"(1620, 1438)","(1816, 1661)",False,29.5,inconclusive,"pHash candidate match (dist=4), MAE=29.50, sizes (1620, 1438) vs (1816, 1661)"
5,train,NORMAL,NORMAL2-IM-0423-0001.jpeg,test,NORMAL,IM-0063-0001.jpeg,4,"(1816, 1534)","(2034, 1761)",False,29.65,inconclusive,"pHash candidate match (dist=4), MAE=29.65, sizes (1816, 1534) vs (2034, 1761)"
6,train,NORMAL,NORMAL2-IM-0423-0001.jpeg,train,NORMAL,NORMAL2-IM-1226-0001.jpeg,4,"(1816, 1534)","(1902, 1608)",False,26.91,inconclusive,"pHash candidate match (dist=4), MAE=26.91, sizes (1816, 1534) vs (1902, 1608)"
7,train,NORMAL,NORMAL2-IM-0423-0001.jpeg,train,NORMAL,NORMAL2-IM-0820-0001.jpeg,4,"(1816, 1534)","(1620, 1438)",False,27.69,inconclusive,"pHash candidate match (dist=4), MAE=27.69, sizes (1816, 1534) vs (1620, 1438)"
8,train,NORMAL,IM-0640-0001-0002.jpeg,train,NORMAL,NORMAL2-IM-0423-0001.jpeg,4,"(1470, 1248)","(1816, 1534)",False,29.3,inconclusive,"pHash candidate match (dist=4), MAE=29.30, sizes (1470, 1248) vs (1816, 1534)"
9,train,NORMAL,IM-0557-0001.jpeg,train,NORMAL,NORMAL2-IM-0401-0001.jpeg,4,"(2442, 2226)","(1898, 1854)",False,25.36,inconclusive,"pHash candidate match (dist=4), MAE=25.36, sizes (2442, 2226) vs (1898, 1854)"
10,train,NORMAL,IM-0557-0001.jpeg,train,NORMAL,NORMAL2-IM-0892-0001.jpeg,4,"(2442, 2226)","(2022, 1947)",False,25.49,inconclusive,"pHash candidate match (dist=4), MAE=25.49, sizes (2442, 2226) vs (2022, 1947)"
11,train,NORMAL,IM-0557-0001.jpeg,train,NORMAL,NORMAL2-IM-1267-0001.jpeg,2,"(2442, 2226)","(1920, 1708)",False,24.99,likely same study/patient,"Similar composition, MAE=24.99, phash_dist=2"
12,train,NORMAL,IM-0557-0001.jpeg,train,NORMAL,NORMAL2-IM-1176-0001.jpeg,4,"(2442, 2226)","(2362, 2187)",False,26.33,inconclusive,"pHash candidate match (dist=4), MAE=26.33, sizes (2442, 2226) vs (2362, 2187)"
13,train,NORMAL,IM-0524-0001.jpeg,train,NORMAL,NORMAL2-IM-0892-0001.jpeg,4,"(1964, 1611)","(2022, 1947)",False,32.97,inconclusive,"pHash candidate match (dist=4), MAE=32.97, sizes (1964, 1611) vs (2022, 1947)"
14,train,NORMAL,IM-0524-0001.jpeg,train,NORMAL,IM-0557-0001.jpeg,4,"(1964, 1611)","(2442, 2226)",False,24.61,inconclusive,"pHash candidate match (dist=4), MAE=24.61, sizes (1964, 1611) vs (2442, 2226)"
15,train,NORMAL,IM-0524-0001.jpeg,train,NORMAL,NORMAL2-IM-1176-0001.jpeg,4,"(1964, 1611)","(2362, 2187)",False,26.72,inconclusive,"pHash candidate match (dist=4), MAE=26.72, sizes (1964, 1611) vs (2362, 2187)"
16,train,NORMAL,NORMAL2-IM-0969-0001.jpeg,train,NORMAL,NORMAL2-IM-0455-0001.jpeg,4,"(1790, 1472)","(1928, 1631)",False,25.5,inconclusive,"pHash candidate match (dist=4), MAE=25.50, sizes (1790, 1472) vs (1928, 1631)"
17,train,NORMAL,NORMAL2-IM-1111-0001.jpeg,train,NORMAL,NORMAL2-IM-0423-0001.jpeg,4,"(1496, 1201)","(1816, 1534)",False,29.86,inconclusive,"pHash candidate match (dist=4), MAE=29.86, sizes (1496, 1201) vs (1816, 1534)"
18,train,NORMAL,NORMAL2-IM-0390-0001.jpeg,train,NORMAL,NORMAL2-IM-0892-0001.jpeg,4,"(2434, 2376)","(2022, 1947)",False,30.2,inconclusive,"pHash candidate match (dist=4), MAE=30.20, sizes (2434, 2376) vs (2022, 1947)"
19,train,NORMAL,IM-0521-0001.jpeg,train,NORMAL,NORMAL2-IM-0892-0001.jpeg,4,"(2890, 2534)","(2022, 1947)",False,30.14,inconclusive,"pHash candidate match (dist=4), MAE=30.14, sizes (2890, 2534) vs (2022, 1947)"
20,train,NORMAL,NORMAL2-IM-1198-0001.jpeg,train,PNEUMONIA,person1488_virus_2593.jpeg,4,"(2040, 2059)","(1754, 1395)",False,29.34,inconclusive,"pHash candidate match (dist=4), MAE=29.34, sizes (2040, 2059) vs (1754, 1395)"
21,train,NORMAL,NORMAL2-IM-1104-0001.jpeg,train,NORMAL,IM-0524-0001.jpeg,4,"(2268, 1959)","(1964, 1611)",False,28.9,inconclusive,"pHash candidate match (dist=4), MAE=28.90, sizes (2268, 1959) vs (1964, 1611)"
22,train,NORMAL,NORMAL2-IM-1104-0001.jpeg,test,PNEUMONIA,person79_virus_148.jpeg,4,"(2268, 1959)","(1632, 1312)",False,26.31,inconclusive,"pHash candidate match (dist=4), MAE=26.31, sizes (2268, 1959) vs (1632, 1312)"
23,train,NORMAL,IM-0635-0001.jpeg,train,NORMAL,NORMAL2-IM-1261-0001.jpeg,4,"(1296, 1052)","(1682, 1380)",False,28.24,inconclusive,"pHash candidate match (dist=4), MAE=28.24, sizes (1296, 1052) vs (1682, 1380)"
24,train,NORMAL,NORMAL2-IM-1094-0001.jpeg,train,PNEUMONIA,person1488_virus_2593.jpeg,4,"(1522, 1256)","(1754, 1395)",False,25.42,inconclusive,"pHash candidate match (dist=4), MAE=25.42, sizes (1522, 1256) vs (1754, 1395)"
25,train,NORMAL,NORMAL2-IM-1094-0001.jpeg,train,NORMAL,NORMAL2-IM-1198-0001.jpeg,4,"(1522, 1256)","(2040, 2059)",False,25.05,inconclusive,"pHash candidate match (dist=4), MAE=25.05, sizes (1522, 1256) vs (2040, 2059)"
26,train,NORMAL,IM-0486-0001.jpeg,train,NORMAL,NORMAL2-IM-0995-0001.jpeg,4,"(1808, 1488)","(1774, 1318)",False,32.9,inconclusive,"pHash candidate match (dist=4), MAE=32.90, sizes (1808, 1488) vs (1774, 1318)"
27,train,PNEUMONIA,person1425_virus_2438.jpeg,train,PNEUMONIA,person25_bacteria_121.jpeg,4,"(984, 504)","(1210, 948)",False,28.63,inconclusive,"pHash candidate match (dist=4), MAE=28.63, sizes (984, 504) vs (1210, 948)"
28,train,NORMAL,NORMAL2-IM-0915-0001.jpeg,train,NORMAL,NORMAL2-IM-0596-0001.jpeg,4,"(1276, 1036)","(1496, 1314)",False,21.06,inconclusive,"pHash candidate match (dist=4), MAE=21.06, sizes (1276, 1036) vs (1496, 1314)"
29,train,NORMAL,IM-0506-0001.jpeg,train,NORMAL,NORMAL2-IM-1294-0001-0002.jpeg,4,"(1700, 1368)","(1400, 1260)",False,29.29,inconclusive,"pHash candidate match (dist=4), MAE=29.29, sizes (1700, 1368) vs (1400, 1260)"
30,train,NORMAL,NORMAL2-IM-1214-0001.jpeg,train,NORMAL,NORMAL2-IM-0440-0001.jpeg,4,"(1392, 1232)","(1516, 1295)",False,32.31,inconclusive,"pHash candidate match (dist=4), MAE=32.31, sizes (1392, 1232) vs (1516, 1295)"
31,train,NORMAL,NORMAL2-IM-1152-0001-0001.jpeg,train,NORMAL,IM-0635-0001.jpeg,4,"(1636, 1433)","(1296, 1052)",False,22.64,inconclusive,"pHash candidate match (dist=4), MAE=22.64, sizes (1636, 1433) vs (1296, 1052)"
32,train,NORMAL,IM-0285-0001.jpeg,train,NORMAL,NORMAL2-IM-1347-0001.jpeg,4,"(1426, 1101)","(1932, 1743)",False,22.48,inconclusive,"pHash candidate match (dist=4), MAE=22.48, sizes (1426, 1101) vs (1932, 1743)"
33,train,NORMAL,IM-0129-0001.jpeg,train,NORMAL,IM-0394-0001.jpeg,4,"(1384, 1167)","(1666, 1333)",False,25.83,inconclusive,"pHash candidate match (dist=4), MAE=25.83, sizes (1384, 1167) vs (1666, 1333)"
34,train,NORMAL,IM-0523-0001-0001.jpeg,train,NORMAL,IM-0577-0001.jpeg,4,"(1342, 1059)","(1376, 1210)",False,23.47,inconclusive,"pHash candidate match (dist=4), MAE=23.47, sizes (1342, 1059) vs (1376, 1210)"
35,train,NORMAL,NORMAL2-IM-0653-0001.jpeg,train,NORMAL,NORMAL2-IM-1347-0001.jpeg,4,"(1966, 1499)","(1932, 1743)",False,19.34,inconclusive,"pHash candidate match (dist=4), MAE=19.34, sizes (1966, 1499) vs (1932, 1743)"
36,train,NORMAL,NORMAL2-IM-1269-0001-0001.jpeg,train,NORMAL,NORMAL2-IM-1258-0001-0001.jpeg,4,"(1902, 1499)","(2048, 1882)",False,22.08,inconclusive,"pHash candidate match (dist=4), MAE=22.08, sizes (1902, 1499) vs (2048, 1882)"
37,train,PNEUMONIA,person1100_bacteria_3041.jpeg,train,PNEUMONIA,person1057_virus_1756.jpeg,4,"(1256, 816)","(1016, 664)",False,26.74,inconclusive,"pHash candidate match (dist=4), MAE=26.74, sizes (1256, 816) vs (1016, 664)"
38,train,PNEUMONIA,person1100_bacteria_3041.jpeg,train,PNEUMONIA,person1045_virus_1741.jpeg,4,"(1256, 816)","(1120, 872)",False,30.08,inconclusive,"pHash candidate match (dist=4), MAE=30.08, sizes (1256, 816) vs (1120, 872)"
39,train,NORMAL,IM-0439-0001-0001.jpeg,train,NORMAL,NORMAL2-IM-1226-0001.jpeg,4,"(1766, 1380)","(1902, 1608)",False,27.06,inconclusive,"pHash candidate match (dist=4), MAE=27.06, sizes (1766, 1380) vs (1902, 1608)"
40,train,NORMAL,IM-0401-0001.jpeg,train,NORMAL,IM-0544-0001.jpeg,2,"(1820, 1670)","(1542, 1286)",False,28.95,likely same study/patient,"Similar composition, MAE=28.95, phash_dist=2"
41,train,NORMAL,NORMAL2-IM-0926-0001.jpeg,test,PNEUMONIA,person79_virus_148.jpeg,4,"(1586, 1217)","(1632, 1312)",False,40.99,inconclusive,"pHash candidate match (dist=4), MAE=40.99, sizes (1586, 1217) vs (1632, 1312)"
42,test,NORMAL,NORMAL2-IM-0131-0001.jpeg,train,NORMAL,IM-0608-0001.jpeg,4,"(1784, 1389)","(1852, 1403)",False,22.5,inconclusive,"pHash candidate match (dist=4), MAE=22.50, sizes (1784, 1389) vs (1852, 1403)"
43,train,NORMAL,IM-0266-0001.jpeg,train,NORMAL,NORMAL2-IM-1064-0001.jpeg,4,"(1848, 1495)","(1880, 1552)",False,43.99,inconclusive,"pHash candidate match (dist=4), MAE=43.99, sizes (1848, 1495) vs (1880, 1552)"
44,train,NORMAL,IM-0266-0001.jpeg,train,NORMAL,NORMAL2-IM-0892-0001.jpeg,4,"(1848, 1495)","(2022, 1947)",False,25.93,inconclusive,"pHash candidate match (dist=4), MAE=25.93, sizes (1848, 1495) vs (2022, 1947)"
45,train,NORMAL,IM-0266-0001.jpeg,train,NORMAL,IM-0495-0001.jpeg,2,"(1848, 1495)","(2064, 1750)",False,23.96,likely same study/patient,"Similar composition, MAE=23.96, phash_dist=2"
46,train,PNEUMONIA,person1227_virus_2078.jpeg,train,NORMAL,NORMAL2-IM-0926-0001.jpeg,4,"(1640, 1304)","(1586, 1217)",False,41.41,inconclusive,"pHash candidate match (dist=4), MAE=41.41, sizes (1640, 1304) vs (1586, 1217)"
47,train,NORMAL,IM-0674-0001.jpeg,train,PNEUMONIA,person1227_virus_2078.jpeg,4,"(1870, 1380)","(1640, 1304)",False,32.31,inconclusive,"pHash candidate match (dist=4), MAE=32.31, sizes (1870, 1380) vs (1640, 1304)"
48,train,NORMAL,IM-0674-0001.jpeg,train,NORMAL,NORMAL2-IM-0892-0001.jpeg,4,"(1870, 1380)","(2022, 1947)",False,24.63,inconclusive,"pHash candidate match (dist=4), MAE=24.63, sizes (1870, 1380) vs (2022, 1947)"
49,train,NORMAL,IM-0674-0001.jpeg,train,NORMAL,IM-0495-0001.jpeg,4,"(1870, 1380)","(2064, 1750)",False,25.28,inconclusive,"pHash candidate match (dist=4), MAE=25.28, sizes (1870, 1380) vs (2064, 1750)"
50,train,NORMAL,IM-0674-0001.jpeg,train,NORMAL,IM-0266-0001.jpeg,2,"(1870, 1380)","(1848, 1495)",False,25.14,likely same study/patient,"Similar composition, MAE=25.14, phash_dist=2"
51,train,NORMAL,NORMAL2-IM-0696-0001.jpeg,train,NORMAL,NORMAL2-IM-0423-0001.jpeg,4,"(1802, 1422)","(1816, 1534)",False,26.18,inconclusive,"pHash candidate match (dist=4), MAE=26.18, sizes (1802, 1422) vs (1816, 1534)"
52,train,NORMAL,IM-0688-0001.jpeg,train,NORMAL,IM-0290-0001.jpeg,4,"(1514, 1310)","(1708, 1434)",False,32.86,inconclusive,"pHash candidate match (dist=4), MAE=32.86, sizes (1514, 1310) vs (1708, 1434)"
53,train,NORMAL,IM-0688-0001.jpeg,train,NORMAL,NORMAL2-IM-0983-0001.jpeg,4,"(1514, 1310)","(1846, 1676)",False,25.74,inconclusive,"pHash candidate match (dist=4), MAE=25.74, sizes (1514, 1310) vs (1846, 1676)"
54,train,NORMAL,IM-0688-0001.jpeg,train,NORMAL,NORMAL2-IM-1260-0001.jpeg,4,"(1514, 1310)","(1854, 1495)",False,27.33,inconclusive,"pHash candidate match (dist=4), MAE=27.33, sizes (1514, 1310) vs (1854, 1495)"
55,train,NORMAL,IM-0678-0001.jpeg,train,NORMAL,NORMAL2-IM-0423-0001.jpeg,4,"(1792, 1611)","(1816, 1534)",False,28.36,inconclusive,"pHash candidate match (dist=4), MAE=28.36, sizes (1792, 1611) vs (1816, 1534)"
56,train,NORMAL,IM-0678-0001.jpeg,train,NORMAL,NORMAL2-IM-0696-0001.jpeg,4,"(1792, 1611)","(1802, 1422)",False,27.89,inconclusive,"pHash candidate match (dist=4), MAE=27.89, sizes (1792, 1611) vs (1802, 1422)"
57,train,NORMAL,IM-0678-0001.jpeg,train,NORMAL,NORMAL2-IM-0820-0001.jpeg,4,"(1792, 1611)","(1620, 1438)",False,35.37,inconclusive,"pHash candidate match (dist=4), MAE=35.37, sizes (1792, 1611) vs (1620, 1438)"
58,train,NORMAL,NORMAL2-IM-0772-0001.jpeg,train,NORMAL,NORMAL2-IM-1177-0001.jpeg,4,"(1376, 1048)","(1518, 1310)",False,41.86,inconclusive,"pHash candidate match (dist=4), MAE=41.86, sizes (1376, 1048) vs (1518, 1310)"
59,train,NORMAL,NORMAL2-IM-0633-0001.jpeg,train,NORMAL,IM-0646-0001.jpeg,4,"(1670, 1279)","(1630, 1179)",False,24.01,inconclusive,"pHash candidate match (dist=4), MAE=24.01, sizes (1670, 1279) vs (1630, 1179)"
60,train,NORMAL,NORMAL2-IM-0633-0001.jpeg,train,NORMAL,NORMAL2-IM-1260-0001.jpeg,4,"(1670, 1279)","(1854, 1495)",False,27.15,inconclusive,"pHash candidate match (dist=4), MAE=27.15, sizes (1670, 1279) vs (1854, 1495)"
61,train,NORMAL,NORMAL2-IM-0433-0001.jpeg,train,NORMAL,IM-0678-0001.jpeg,4,"(1546, 1255)","(1792, 1611)",False,29.42,inconclusive,"pHash candidate match (dist=4), MAE=29.42, sizes (1546, 1255) vs (1792, 1611)"
62,train,NORMAL,NORMAL2-IM-0433-0001.jpeg,train,NORMAL,IM-0313-0001.jpeg,4,"(1546, 1255)","(1696, 1298)",False,25.96,inconclusive,"pHash candidate match (dist=4), MAE=25.96, sizes (1546, 1255) vs (1696, 1298)"
63,train,NORMAL,NORMAL2-IM-0433-0001.jpeg,train,NORMAL,NORMAL2-IM-1226-0001.jpeg,4,"(1546, 1255)","(1902, 1608)",False,22.55,inconclusive,"pHash candidate match (dist=4), MAE=22.55, sizes (1546, 1255) vs (1902, 1608)"
64,train,NORMAL,NORMAL2-IM-1136-0001.jpeg,train,NORMAL,NORMAL2-IM-1114-0001.jpeg,2,"(1778, 1473)","(1570, 1286)",False,21.9,likely same study/patient,"Similar composition, MAE=21.90, phash_dist=2"
65,train,PNEUMONIA,person513_virus_1030.jpeg,train,NORMAL,IM-0678-0001.jpeg,4,"(1488, 1144)","(1792, 1611)",False,22.53,inconclusive,"pHash candidate match (dist=4), MAE=22.53, sizes (1488, 1144) vs (1792, 1611)"
66,train,PNEUMONIA,person274_bacteria_1290.jpeg,train,NORMAL,NORMAL2-IM-1114-0001.jpeg,4,"(1686, 1133)","(1570, 1286)",False,33.86,inconclusive,"pHash candidate match (dist=4), MAE=33.86, sizes (1686, 1133) vs (1570, 1286)"
67,train,PNEUMONIA,person274_bacteria_1290.jpeg,train,NORMAL,IM-0266-0001.jpeg,4,"(1686, 1133)","(1848, 1495)",False,31.96,inconclusive,"pHash candidate match (dist=4), MAE=31.96, sizes (1686, 1133) vs (1848, 1495)"
68,train,PNEUMONIA,person1417_bacteria_3635.jpeg,train,PNEUMONIA,person1164_virus_1958.jpeg,4,"(1528, 1056)","(1778, 1380)",False,32.6,inconclusive,"pHash candidate match (dist=4), MAE=32.60, sizes (1528, 1056) vs (1778, 1380)"
69,train,PNEUMONIA,person512_virus_1029.jpeg,train,NORMAL,IM-0551-0001-0002.jpeg,4,"(1224, 632)","(1624, 1341)",False,27.51,inconclusive,"pHash candidate match (dist=4), MAE=27.51, sizes (1224, 632) vs (1624, 1341)"
70,train,PNEUMONIA,person328_virus_681.jpeg,train,PNEUMONIA,person274_bacteria_1290.jpeg,4,"(1472, 976)","(1686, 1133)",False,36.89,inconclusive,"pHash candidate match (dist=4), MAE=36.89, sizes (1472, 976) vs (1686, 1133)"
71,train,NORMAL,NORMAL2-IM-1164-0001.jpeg,train,PNEUMONIA,person423_virus_869.jpeg,4,"(1492, 1190)","(1384, 959)",False,23.35,inconclusive,"pHash candidate match (dist=4), MAE=23.35, sizes (1492, 1190) vs (1384, 959)"
72,train,NORMAL,NORMAL2-IM-0814-0001.jpeg,train,NORMAL,NORMAL2-IM-1261-0001.jpeg,2,"(1736, 1399)","(1682, 1380)",False,30.82,likely same study/patient,"Similar composition, MAE=30.82, phash_dist=2"
73,train,NORMAL,NORMAL2-IM-0814-0001.jpeg,train,NORMAL,IM-0635-0001.jpeg,4,"(1736, 1399)","(1296, 1052)",False,23.62,inconclusive,"pHash candidate match (dist=4), MAE=23.62, sizes (1736, 1399) vs (1296, 1052)"
74,train,NORMAL,NORMAL2-IM-1020-0001.jpeg,train,PNEUMONIA,person517_bacteria_2196.jpeg,4,"(1720, 1380)","(1446, 1029)",False,26.17,inconclusive,"pHash candidate match (dist=4), MAE=26.17, sizes (1720, 1380) vs (1446, 1029)"
75,train,NORMAL,NORMAL2-IM-0521-0001.jpeg,train,NORMAL,NORMAL2-IM-1020-0001.jpeg,4,"(1952, 1496)","(1720, 1380)",False,29.47,inconclusive,"pHash candidate match (dist=4), MAE=29.47, sizes (1952, 1496) vs (1720, 1380)"
76,train,NORMAL,NORMAL2-IM-0521-0001.jpeg,train,NORMAL,IM-0495-0001.jpeg,4,"(1952, 1496)","(2064, 1750)",False,26.61,inconclusive,"pHash candidate match (dist=4), MAE=26.61, sizes (1952, 1496) vs (2064, 1750)"
77,train,PNEUMONIA,person1544_virus_2685.jpeg,test,PNEUMONIA,person20_virus_51.jpeg,4,"(1720, 1152)","(1320, 1208)",False,41.53,inconclusive,"pHash candidate match (dist=4), MAE=41.53, sizes (1720, 1152) vs (1320, 1208)"
78,test,NORMAL,NORMAL2-IM-0343-0001.jpeg,train,NORMAL,NORMAL2-IM-0521-0001.jpeg,4,"(1778, 1168)","(1952, 1496)",False,37.31,inconclusive,"pHash candidate match (dist=4), MAE=37.31, sizes (1778, 1168) vs (1952, 1496)"
79,test,NORMAL,NORMAL2-IM-0343-0001.jpeg,train,NORMAL,NORMAL2-IM-0433-0001.jpeg,4,"(1778, 1168)","(1546, 1255)",False,43.02,inconclusive,"pHash candidate match (dist=4), MAE=43.02, sizes (1778, 1168) vs (1546, 1255)"
80,train,NORMAL,IM-0119-0001.jpeg,train,PNEUMONIA,person706_virus_1304.jpeg,4,"(1810, 1434)","(1474, 1044)",False,23.85,inconclusive,"pHash candidate match (dist=4), MAE=23.85, sizes (1810, 1434) vs (1474, 1044)"
81,train,PNEUMONIA,person353_virus_728.jpeg,train,PNEUMONIA,person614_virus_1183.jpeg,4,"(1496, 1040)","(1240, 760)",False,22.82,inconclusive,"pHash candidate match (dist=4), MAE=22.82, sizes (1496, 1040) vs (1240, 760)"
82,train,NORMAL,IM-0519-0001-0001.jpeg,train,NORMAL,IM-0553-0001-0003.jpeg,4,"(1742, 1322)","(2202, 2129)",False,30.4,inconclusive,"pHash candidate match (dist=4), MAE=30.40, sizes (1742, 1322) vs (2202, 2129)"
83,train,PNEUMONIA,person1205_bacteria_3157.jpeg,train,NORMAL,IM-0290-0001.jpeg,4,"(1508, 933)","(1708, 1434)",False,34.82,inconclusive,"pHash candidate match (dist=4), MAE=34.82, sizes (1508, 933) vs (1708, 1434)"
84,train,PNEUMONIA,person1205_bacteria_3157.jpeg,train,NORMAL,NORMAL2-IM-1136-0001.jpeg,4,"(1508, 933)","(1778, 1473)",False,28.95,inconclusive,"pHash candidate match (dist=4), MAE=28.95, sizes (1508, 933) vs (1778, 1473)"
85,train,NORMAL,IM-0631-0001-0002.jpeg,train,NORMAL,IM-0318-0001.jpeg,4,"(1738, 1430)","(1634, 1210)",False,24.81,inconclusive,"pHash candidate match (dist=4), MAE=24.81, sizes (1738, 1430) vs (1634, 1210)"
86,train,NORMAL,NORMAL2-IM-0971-0001-0002.jpeg,train,NORMAL,NORMAL2-IM-0423-0001.jpeg,4,"(1554, 1353)","(1816, 1534)",False,30.13,inconclusive,"pHash candidate match (dist=4), MAE=30.13, sizes (1554, 1353) vs (1816, 1534)"
87,train,NORMAL,NORMAL2-IM-0971-0001-0002.jpeg,train,NORMAL,NORMAL2-IM-0696-0001.jpeg,4,"(1554, 1353)","(1802, 1422)",False,27.34,inconclusive,"pHash candidate match (dist=4), MAE=27.34, sizes (1554, 1353) vs (1802, 1422)"
88,train,NORMAL,NORMAL2-IM-0971-0001-0002.jpeg,train,NORMAL,NORMAL2-IM-1260-0001.jpeg,4,"(1554, 1353)","(1854, 1495)",False,22.43,inconclusive,"pHash candidate match (dist=4), MAE=22.43, sizes (1554, 1353) vs (1854, 1495)"
89,train,NORMAL,NORMAL2-IM-0971-0001-0002.jpeg,train,NORMAL,IM-0678-0001.jpeg,4,"(1554, 1353)","(1792, 1611)",False,39.68,inconclusive,"pHash candidate match (dist=4), MAE=39.68, sizes (1554, 1353) vs (1792, 1611)"
90,train,NORMAL,NORMAL2-IM-0971-0001-0002.jpeg,train,NORMAL,NORMAL2-IM-0633-0001.jpeg,4,"(1554, 1353)","(1670, 1279)",False,26.65,inconclusive,"pHash candidate match (dist=4), MAE=26.65, sizes (1554, 1353) vs (1670, 1279)"
91,train,NORMAL,NORMAL2-IM-0757-0001.jpeg,train,PNEUMONIA,person1527_virus_2661.jpeg,4,"(1160, 904)","(1120, 768)",False,28.55,inconclusive,"pHash candidate match (dist=4), MAE=28.55, sizes (1160, 904) vs (1120, 768)"
92,train,NORMAL,IM-0529-0001.jpeg,train,NORMAL,IM-0678-0001.jpeg,4,"(1484, 1267)","(1792, 1611)",False,26.15,inconclusive,"pHash candidate match (dist=4), MAE=26.15, sizes (1484, 1267) vs (1792, 1611)"
93,train,NORMAL,NORMAL2-IM-1058-0001.jpeg,train,NORMAL,NORMAL2-IM-0971-0001-0002.jpeg,4,"(1608, 1469)","(1554, 1353)",False,30.09,inconclusive,"pHash candidate match (dist=4), MAE=30.09, sizes (1608, 1469) vs (1554, 1353)"
94,train,NORMAL,NORMAL2-IM-1187-0001.jpeg,train,NORMAL,NORMAL2-IM-1058-0001.jpeg,4,"(1692, 1360)","(1608, 1469)",False,23.91,inconclusive,"pHash candidate match (dist=4), MAE=23.91, sizes (1692, 1360) vs (1608, 1469)"
95,train,PNEUMONIA,person818_bacteria_2729.jpeg,train,PNEUMONIA,person45_bacteria_221.jpeg,4,"(1072, 816)","(808, 488)",False,21.76,inconclusive,"pHash candidate match (dist=4), MAE=21.76, sizes (1072, 816) vs (808, 488)"
96,train,NORMAL,NORMAL2-IM-0869-0001.jpeg,train,NORMAL,NORMAL2-IM-0395-0001.jpeg,2,"(1534, 1063)","(1464, 1167)",False,24.36,likely same study/patient,"Similar composition, MAE=24.36, phash_dist=2"
97,train,NORMAL,IM-0255-0001.jpeg,test,NORMAL,NORMAL2-IM-0343-0001.jpeg,4,"(1512, 1171)","(1778, 1168)",False,31.73,inconclusive,"pHash candidate match (dist=4), MAE=31.73, sizes (1512, 1171) vs (1778, 1168)"
98,train,NORMAL,IM-0255-0001.jpeg,train,NORMAL,IM-0624-0001.jpeg,4,"(1512, 1171)","(1630, 1333)",False,24.75,inconclusive,"pHash candidate match (dist=4), MAE=24.75, sizes (1512, 1171) vs (1630, 1333)"
99,train,NORMAL,NORMAL2-IM-1094-0001-0002.jpeg,train,NORMAL,IM-0255-0001.jpeg,4,"(1674, 1337)","(1512, 1171)",False,27.54,inconclusive,"pHash candidate match (dist=4), MAE=27.54, sizes (1674, 1337) vs (1512, 1171)"
100,train,NORMAL,NORMAL2-IM-1094-0001-0002.jpeg,train,NORMAL,IM-0624-0001.jpeg,4,"(1674, 1337)","(1630, 1333)",False,30.95,inconclusive,"pHash candidate match (dist=4), MAE=30.95, sizes (1674, 1337) vs (1630, 1333)"
101,train,NORMAL,NORMAL2-IM-0533-0001.jpeg,train,NORMAL,NORMAL2-IM-1020-0001.jpeg,4,"(1924, 1797)","(1720, 1380)",False,21.57,inconclusive,"pHash candidate match (dist=4), MAE=21.57, sizes (1924, 1797) vs (1720, 1380)"
102,test,PNEUMONIA,person50_virus_102.jpeg,train,NORMAL,NORMAL2-IM-0652-0001.jpeg,4,"(1280, 760)","(1422, 1125)",False,20.29,inconclusive,"pHash candidate match (dist=4), MAE=20.29, sizes (1280, 760) vs (1422, 1125)"
103,train,NORMAL,NORMAL2-IM-0981-0001.jpeg,train,NORMAL,IM-0666-0001-0001.jpeg,4,"(1418, 1137)","(1748, 1442)",False,24.96,inconclusive,"pHash candidate match (dist=4), MAE=24.96, sizes (1418, 1137) vs (1748, 1442)"
104,train,NORMAL,NORMAL2-IM-0981-0001.jpeg,train,NORMAL,NORMAL2-IM-1270-0001.jpeg,4,"(1418, 1137)","(1246, 951)",False,25.94,inconclusive,"pHash candidate match (dist=4), MAE=25.94, sizes (1418, 1137) vs (1246, 951)"
105,train,NORMAL,NORMAL2-IM-0871-0001.jpeg,train,NORMAL,NORMAL2-IM-0981-0001.jpeg,4,"(1632, 1260)","(1418, 1137)",False,24.11,inconclusive,"pHash candidate match (dist=4), MAE=24.11, sizes (1632, 1260) vs (1418, 1137)"
106,test,PNEUMONIA,person35_virus_80.jpeg,train,NORMAL,IM-0300-0001.jpeg,4,"(1552, 1016)","(2020, 1565)",False,36.75,inconclusive,"pHash candidate match (dist=4), MAE=36.75, sizes (1552, 1016) vs (2020, 1565)"
107,test,PNEUMONIA,person42_virus_89.jpeg,train,PNEUMONIA,person1438_bacteria_3715.jpeg,4,"(1016, 616)","(944, 632)",False,19.78,inconclusive,"pHash candidate match (dist=4), MAE=19.78, sizes (1016, 616) vs (944, 632)"
108,train,NORMAL,IM-0571-0001.jpeg,train,NORMAL,NORMAL2-IM-1020-0001.jpeg,4,"(1746, 1445)","(1720, 1380)",False,21.65,inconclusive,"pHash candidate match (dist=4), MAE=21.65, sizes (1746, 1445) vs (1720, 1380)"
109,train,NORMAL,IM-0457-0001.jpeg,train,NORMAL,IM-0401-0001.jpeg,4,"(2090, 1785)","(1820, 1670)",False,28.78,inconclusive,"pHash candidate match (dist=4), MAE=28.78, sizes (2090, 1785) vs (1820, 1670)"
110,train,NORMAL,IM-0245-0001.jpeg,train,PNEUMONIA,person50_bacteria_238.jpeg,4,"(1724, 1480)","(1416, 1016)",False,32.47,inconclusive,"pHash candidate match (dist=4), MAE=32.47, sizes (1724, 1480) vs (1416, 1016)"
111,train,NORMAL,NORMAL2-IM-1247-0001.jpeg,train,NORMAL,NORMAL2-IM-1054-0001.jpeg,4,"(1316, 1067)","(1468, 1163)",False,36.41,inconclusive,"pHash candidate match (dist=4), MAE=36.41, sizes (1316, 1067) vs (1468, 1163)"
112,train,NORMAL,NORMAL2-IM-0929-0001.jpeg,train,NORMAL,NORMAL2-IM-0814-0001.jpeg,4,"(1906, 1627)","(1736, 1399)",False,29.71,inconclusive,"pHash candidate match (dist=4), MAE=29.71, sizes (1906, 1627) vs (1736, 1399)"
113,train,NORMAL,IM-0225-0001.jpeg,train,NORMAL,IM-0504-0001.jpeg,4,"(2214, 1974)","(1554, 1449)",False,25.32,inconclusive,"pHash candidate match (dist=4), MAE=25.32, sizes (2214, 1974) vs (1554, 1449)"
114,train,NORMAL,NORMAL2-IM-0686-0001.jpeg,train,NORMAL,NORMAL2-IM-1060-0001.jpeg,4,"(1512, 1325)","(1546, 1271)",False,25.76,inconclusive,"pHash candidate match (dist=4), MAE=25.76, sizes (1512, 1325) vs (1546, 1271)"
115,train,NORMAL,NORMAL2-IM-0870-0001.jpeg,train,NORMAL,NORMAL2-IM-0686-0001.jpeg,4,"(1480, 1228)","(1512, 1325)",False,21.84,inconclusive,"pHash candidate match (dist=4), MAE=21.84, sizes (1480, 1228) vs (1512, 1325)"
116,train,NORMAL,NORMAL2-IM-1306-0001.jpeg,train,NORMAL,NORMAL2-IM-0490-0001.jpeg,4,"(1858, 1692)","(1620, 1340)",False,28.56,inconclusive,"pHash candidate match (dist=4), MAE=28.56, sizes (1858, 1692) vs (1620, 1340)"
117,train,NORMAL,IM-0520-0001.jpeg,test,PNEUMONIA,person88_bacteria_439.jpeg,4,"(1642, 1545)","(1512, 991)",False,30.89,inconclusive,"pHash candidate match (dist=4), MAE=30.89, sizes (1642, 1545) vs (1512, 991)"
118,train,NORMAL,IM-0475-0001.jpeg,test,NORMAL,IM-0070-0001.jpeg,4,"(1736, 1345)","(2034, 1392)",False,29.32,inconclusive,"pHash candidate match (dist=4), MAE=29.32, sizes (1736, 1345) vs (2034, 1392)"
119,train,NORMAL,NORMAL2-IM-0564-0001.jpeg,train,NORMAL,IM-0475-0001.jpeg,4,"(1554, 1198)","(1736, 1345)",False,22.87,inconclusive,"pHash candidate match (dist=4), MAE=22.87, sizes (1554, 1198) vs (1736, 1345)"
120,train,NORMAL,NORMAL2-IM-0951-0001.jpeg,train,NORMAL,NORMAL2-IM-0564-0001.jpeg,4,"(1558, 1279)","(1554, 1198)",False,23.66,inconclusive,"pHash candidate match (dist=4), MAE=23.66, sizes (1558, 1279) vs (1554, 1198)"
121,train,NORMAL,NORMAL2-IM-0951-0001.jpeg,train,NORMAL,IM-0475-0001.jpeg,4,"(1558, 1279)","(1736, 1345)",False,27.02,inconclusive,"pHash candidate match (dist=4), MAE=27.02, sizes (1558, 1279) vs (1736, 1345)"
122,train,NORMAL,NORMAL2-IM-0951-0001.jpeg,train,NORMAL,NORMAL2-IM-1152-0001-0001.jpeg,4,"(1558, 1279)","(1636, 1433)",False,32.64,inconclusive,"pHash candidate match (dist=4), MAE=32.64, sizes (1558, 1279) vs (1636, 1433)"
123,train,NORMAL,IM-0274-0001.jpeg,train,NORMAL,IM-0502-0001.jpeg,4,"(1704, 1449)","(2156, 1936)",False,31.74,inconclusive,"pHash candidate match (dist=4), MAE=31.74, sizes (1704, 1449) vs (2156, 1936)"
124,test,PNEUMONIA,person1679_virus_2896.jpeg,val,NORMAL,NORMAL2-IM-1431-0001.jpeg,4,"(1248, 840)","(1736, 1416)",False,38.76,inconclusive,"pHash candidate match (dist=4), MAE=38.76, sizes (1248, 840) vs (1736, 1416)"
125,train,PNEUMONIA,person628_virus_1206.jpeg,train,PNEUMONIA,person523_virus_1043.jpeg,4,"(1400, 968)","(1416, 1072)",False,19.03,inconclusive,"pHash candidate match (dist=4), MAE=19.03, sizes (1400, 968) vs (1416, 1072)"
126,train,NORMAL,NORMAL2-IM-1088-0001.jpeg,train,NORMAL,NORMAL2-IM-0449-0001.jpeg,4,"(1546, 1152)","(1284, 1013)",False,20.78,inconclusive,"pHash candidate match (dist=4), MAE=20.78, sizes (1546, 1152) vs (1284, 1013)"
127,train,NORMAL,NORMAL2-IM-1258-0001-0002.jpeg,train,NORMAL,NORMAL2-IM-1303-0001.jpeg,4,"(1654, 1446)","(1322, 1128)",False,25.76,inconclusive,"pHash candidate match (dist=4), MAE=25.76, sizes (1654, 1446) vs (1322, 1128)"
128,train,PNEUMONIA,person277_bacteria_1306.jpeg,train,PNEUMONIA,person482_bacteria_2044.jpeg,4,"(896, 528)","(992, 576)",False,22.04,inconclusive,"pHash candidate match (dist=4), MAE=22.04, sizes (896, 528) vs (992, 576)"
129,train,PNEUMONIA,person1242_bacteria_3198.jpeg,train,NORMAL,NORMAL2-IM-0521-0001.jpeg,4,"(1546, 1210)","(1952, 1496)",False,35.93,inconclusive,"pHash candidate match (dist=4), MAE=35.93, sizes (1546, 1210) vs (1952, 1496)"
130,train,NORMAL,NORMAL2-IM-1314-0001.jpeg,train,NORMAL,IM-0445-0001.jpeg,4,"(1978, 1619)","(1762, 1506)",False,27.45,inconclusive,"pHash candidate match (dist=4), MAE=27.45, sizes (1978, 1619) vs (1762, 1506)"
131,train,NORMAL,NORMAL2-IM-0888-0001.jpeg,train,NORMAL,IM-0440-0001.jpeg,4,"(2450, 2145)","(1690, 1464)",False,20.22,inconclusive,"pHash candidate match (dist=4), MAE=20.22, sizes (2450, 2145) vs (1690, 1464)"
132,train,NORMAL,NORMAL2-IM-0547-0001.jpeg,train,NORMAL,NORMAL2-IM-0971-0001-0002.jpeg,4,"(2068, 1982)","(1554, 1353)",False,35.02,inconclusive,"pHash candidate match (dist=4), MAE=35.02, sizes (2068, 1982) vs (1554, 1353)"
133,train,NORMAL,IM-0543-0001-0002.jpeg,train,NORMAL,IM-0648-0001.jpeg,4,"(1640, 1410)","(1604, 1279)",False,35.42,inconclusive,"pHash candidate match (dist=4), MAE=35.42, sizes (1640, 1410) vs (1604, 1279)"
134,train,NORMAL,NORMAL2-IM-0647-0001.jpeg,train,NORMAL,NORMAL2-IM-0937-0001.jpeg,4,"(1682, 1619)","(1642, 1496)",False,20.49,inconclusive,"pHash candidate match (dist=4), MAE=20.49, sizes (1682, 1619) vs (1642, 1496)"
135,train,PNEUMONIA,person833_virus_1469.jpeg,train,NORMAL,NORMAL2-IM-0421-0001.jpeg,4,"(1716, 1222)","(1804, 1453)",False,33.36,inconclusive,"pHash candidate match (dist=4), MAE=33.36, sizes (1716, 1222) vs (1804, 1453)"
136,train,PNEUMONIA,person833_virus_1469.jpeg,train,NORMAL,NORMAL2-IM-0937-0001.jpeg,4,"(1716, 1222)","(1642, 1496)",False,24.75,inconclusive,"pHash candidate match (dist=4), MAE=24.75, sizes (1716, 1222) vs (1642, 1496)"
137,train,NORMAL,IM-0459-0001.jpeg,train,PNEUMONIA,person833_virus_1469.jpeg,4,"(2338, 1970)","(1716, 1222)",False,35.67,inconclusive,"pHash candidate match (dist=4), MAE=35.67, sizes (2338, 1970) vs (1716, 1222)"
138,train,NORMAL,IM-0694-0001.jpeg,train,PNEUMONIA,person1418_bacteria_3643.jpeg,4,"(1820, 1410)","(1296, 1040)",False,29.46,inconclusive,"pHash candidate match (dist=4), MAE=29.46, sizes (1820, 1410) vs (1296, 1040)"
139,train,PNEUMONIA,person673_virus_1263.jpeg,train,PNEUMONIA,person331_bacteria_1527.jpeg,4,"(1624, 1128)","(1040, 856)",False,28.47,inconclusive,"pHash candidate match (dist=4), MAE=28.47, sizes (1624, 1128) vs (1040, 856)"
140,train,PNEUMONIA,person955_bacteria_2880.jpeg,train,PNEUMONIA,person673_virus_1263.jpeg,4,"(1024, 744)","(1624, 1128)",False,19.03,inconclusive,"pHash candidate match (dist=4), MAE=19.03, sizes (1024, 744) vs (1624, 1128)"
141,train,PNEUMONIA,person1110_virus_1835.jpeg,train,PNEUMONIA,person1219_virus_2067.jpeg,4,"(1328, 784)","(1288, 768)",False,20.55,inconclusive,"pHash candidate match (dist=4), MAE=20.55, sizes (1328, 784) vs (1288, 768)"
142,train,NORMAL,IM-0158-0001.jpeg,train,PNEUMONIA,person1912_bacteria_4816.jpeg,4,"(994, 758)","(1520, 920)",False,21.82,inconclusive,"pHash candidate match (dist=4), MAE=21.82, sizes (994, 758) vs (1520, 920)"
143,train,PNEUMONIA,person255_bacteria_1162.jpeg,train,NORMAL,IM-0525-0001-0002.jpeg,4,"(920, 544)","(1410, 970)",False,35.4,inconclusive,"pHash candidate match (dist=4), MAE=35.40, sizes (920, 544) vs (1410, 970)"
144,train,PNEUMONIA,person490_virus_996.jpeg,test,NORMAL,IM-0095-0001.jpeg,4,"(1256, 776)","(1866, 1311)",False,28.48,inconclusive,"pHash candidate match (dist=4), MAE=28.48, sizes (1256, 776) vs (1866, 1311)"
145,train,NORMAL,IM-0237-0001.jpeg,train,NORMAL,IM-0364-0001.jpeg,4,"(1790, 1140)","(1396, 1001)",False,25.27,inconclusive,"pHash candidate match (dist=4), MAE=25.27, sizes (1790, 1140) vs (1396, 1001)"
146,train,NORMAL,NORMAL2-IM-1350-0001.jpeg,train,NORMAL,IM-0364-0001.jpeg,4,"(1704, 1256)","(1396, 1001)",False,21.64,inconclusive,"pHash candidate match (dist=4), MAE=21.64, sizes (1704, 1256) vs (1396, 1001)"
147,train,NORMAL,NORMAL2-IM-1350-0001.jpeg,train,NORMAL,IM-0237-0001.jpeg,2,"(1704, 1256)","(1790, 1140)",False,22.7,likely same study/patient,"Similar composition, MAE=22.70, phash_dist=2"
148,test,NORMAL,NORMAL2-IM-0321-0001.jpeg,train,NORMAL,IM-0237-0001.jpeg,4,"(2026, 1412)","(1790, 1140)",False,20.02,inconclusive,"pHash candidate match (dist=4), MAE=20.02, sizes (2026, 1412) vs (1790, 1140)"
149,test,NORMAL,NORMAL2-IM-0321-0001.jpeg,train,NORMAL,NORMAL2-IM-0517-0001.jpeg,4,"(2026, 1412)","(1542, 1032)",False,27.89,inconclusive,"pHash candidate match (dist=4), MAE=27.89, sizes (2026, 1412) vs (1542, 1032)"
150,test,NORMAL,NORMAL2-IM-0321-0001.jpeg,train,NORMAL,NORMAL2-IM-0930-0001.jpeg,4,"(2026, 1412)","(1666, 1171)",False,24.67,inconclusive,"pHash candidate match (dist=4), MAE=24.67, sizes (2026, 1412) vs (1666, 1171)"
151,train,NORMAL,IM-0713-0001.jpeg,test,NORMAL,NORMAL2-IM-0321-0001.jpeg,4,"(1636, 1329)","(2026, 1412)",False,22.34,inconclusive,"pHash candidate match (dist=4), MAE=22.34, sizes (1636, 1329) vs (2026, 1412)"
152,train,NORMAL,IM-0304-0001.jpeg,train,NORMAL,NORMAL2-IM-1350-0001.jpeg,4,"(1472, 978)","(1704, 1256)",False,27.1,inconclusive,"pHash candidate match (dist=4), MAE=27.10, sizes (1472, 978) vs (1704, 1256)"
153,train,NORMAL,IM-0304-0001.jpeg,train,NORMAL,IM-0237-0001.jpeg,4,"(1472, 978)","(1790, 1140)",False,25.19,inconclusive,"pHash candidate match (dist=4), MAE=25.19, sizes (1472, 978) vs (1790, 1140)"
154,test,NORMAL,NORMAL2-IM-0139-0001.jpeg,test,NORMAL,NORMAL2-IM-0321-0001.jpeg,4,"(2014, 1375)","(2026, 1412)",False,19.44,inconclusive,"pHash candidate match (dist=4), MAE=19.44, sizes (2014, 1375) vs (2026, 1412)"
155,train,NORMAL,IM-0303-0001.jpeg,test,NORMAL,NORMAL2-IM-0139-0001.jpeg,4,"(1762, 1264)","(2014, 1375)",False,33.18,inconclusive,"pHash candidate match (dist=4), MAE=33.18, sizes (1762, 1264) vs (2014, 1375)"
156,train,NORMAL,NORMAL2-IM-1221-0001.jpeg,train,NORMAL,IM-0400-0001.jpeg,4,"(1500, 1206)","(1446, 1082)",False,24.33,inconclusive,"pHash candidate match (dist=4), MAE=24.33, sizes (1500, 1206) vs (1446, 1082)"
157,train,PNEUMONIA,person597_virus_1150.jpeg,train,NORMAL,IM-0304-0001.jpeg,4,"(1528, 1112)","(1472, 978)",False,39.56,inconclusive,"pHash candidate match (dist=4), MAE=39.56, sizes (1528, 1112) vs (1472, 978)"
158,train,NORMAL,IM-0752-0001.jpeg,train,PNEUMONIA,person1230_virus_2081.jpeg,4,"(1438, 1144)","(1424, 1016)",False,36.33,inconclusive,"pHash candidate match (dist=4), MAE=36.33, sizes (1438, 1144) vs (1424, 1016)"
159,train,PNEUMONIA,person1855_bacteria_4727.jpeg,train,PNEUMONIA,person1484_bacteria_3878.jpeg,4,"(1048, 664)","(1152, 760)",False,25.01,inconclusive,"pHash candidate match (dist=4), MAE=25.01, sizes (1048, 664) vs (1152, 760)"
160,train,NORMAL,NORMAL2-IM-0842-0001.jpeg,train,NORMAL,NORMAL2-IM-1348-0001.jpeg,4,"(1658, 1294)","(1782, 1391)",False,25.5,inconclusive,"pHash candidate match (dist=4), MAE=25.50, sizes (1658, 1294) vs (1782, 1391)"
161,train,NORMAL,IM-0650-0001-0002.jpeg,test,NORMAL,NORMAL2-IM-0060-0001.jpeg,4,"(1798, 1356)","(2323, 1893)",False,23.75,inconclusive,"pHash candidate match (dist=4), MAE=23.75, sizes (1798, 1356) vs (2323, 1893)"
162,test,NORMAL,NORMAL2-IM-0033-0001.jpeg,train,PNEUMONIA,person1313_bacteria_3320.jpeg,4,"(2431, 2195)","(1288, 744)",False,34.17,inconclusive,"pHash candidate match (dist=4), MAE=34.17, sizes (2431, 2195) vs (1288, 744)"
163,test,NORMAL,NORMAL2-IM-0033-0001.jpeg,train,NORMAL,NORMAL2-IM-0521-0001.jpeg,4,"(2431, 2195)","(1952, 1496)",False,24.07,inconclusive,"pHash candidate match (dist=4), MAE=24.07, sizes (2431, 2195) vs (1952, 1496)"
164,train,PNEUMONIA,person496_virus_1003.jpeg,train,NORMAL,IM-0650-0001-0002.jpeg,4,"(1544, 1392)","(1798, 1356)",False,39.81,inconclusive,"pHash candidate match (dist=4), MAE=39.81, sizes (1544, 1392) vs (1798, 1356)"
165,train,PNEUMONIA,person496_virus_1003.jpeg,train,PNEUMONIA,person148_virus_298.jpeg,4,"(1544, 1392)","(1536, 1104)",False,24.15,inconclusive,"pHash candidate match (dist=4), MAE=24.15, sizes (1544, 1392) vs (1536, 1104)"
166,train,PNEUMONIA,person1036_bacteria_2970.jpeg,train,PNEUMONIA,person607_bacteria_2470.jpeg,4,"(920, 736)","(1446, 1021)",False,26.83,inconclusive,"pHash candidate match (dist=4), MAE=26.83, sizes (920, 736) vs (1446, 1021)"
167,train,NORMAL,NORMAL2-IM-0513-0001.jpeg,train,PNEUMONIA,person481_virus_983.jpeg,4,"(1986, 1604)","(1256, 1016)",False,30.08,inconclusive,"pHash candidate match (dist=4), MAE=30.08, sizes (1986, 1604) vs (1256, 1016)"
168,train,NORMAL,IM-0515-0001.jpeg,test,PNEUMONIA,person50_virus_102.jpeg,4,"(1644, 1167)","(1280, 760)",False,19.42,inconclusive,"pHash candidate match (dist=4), MAE=19.42, sizes (1644, 1167) vs (1280, 760)"
169,train,NORMAL,IM-0515-0001.jpeg,train,NORMAL,IM-0291-0001.jpeg,4,"(1644, 1167)","(1518, 1005)",False,21.7,inconclusive,"pHash candidate match (dist=4), MAE=21.70, sizes (1644, 1167) vs (1518, 1005)"
170,train,NORMAL,IM-0618-0001-0001.jpeg,train,NORMAL,IM-0419-0001.jpeg,4,"(2292, 1893)","(2118, 1522)",False,35.98,inconclusive,"pHash candidate match (dist=4), MAE=35.98, sizes (2292, 1893) vs (2118, 1522)"
171,train,NORMAL,IM-0551-0001-0001.jpeg,train,NORMAL,IM-0223-0001.jpeg,4,"(1678, 1156)","(1852, 1433)",False,25.9,inconclusive,"pHash candidate match (dist=4), MAE=25.90, sizes (1678, 1156) vs (1852, 1433)"
172,train,NORMAL,NORMAL2-IM-0472-0001.jpeg,train,NORMAL,NORMAL2-IM-1225-0001.jpeg,4,"(1670, 1330)","(1676, 1129)",False,18.74,inconclusive,"pHash candidate match (dist=4), MAE=18.74, sizes (1670, 1330) vs (1676, 1129)"
173,train,PNEUMONIA,person504_bacteria_2132.jpeg,train,PNEUMONIA,person1255_virus_2132.jpeg,4,"(974, 766)","(1152, 512)",False,48.76,inconclusive,"pHash candidate match (dist=4), MAE=48.76, sizes (974, 766) vs (1152, 512)"
174,train,NORMAL,IM-0637-0001.jpeg,train,NORMAL,NORMAL2-IM-1106-0001.jpeg,4,"(1746, 1442)","(1778, 1542)",False,23.56,inconclusive,"pHash candidate match (dist=4), MAE=23.56, sizes (1746, 1442) vs (1778, 1542)"
175,train,NORMAL,NORMAL2-IM-0806-0001.jpeg,train,NORMAL,IM-0619-0001.jpeg,4,"(1508, 1337)","(1554, 1345)",False,30.51,inconclusive,"pHash candidate match (dist=4), MAE=30.51, sizes (1508, 1337) vs (1554, 1345)"
176,train,NORMAL,IM-0168-0001.jpeg,train,NORMAL,NORMAL2-IM-0806-0001.jpeg,4,"(1534, 1187)","(1508, 1337)",False,25.15,inconclusive,"pHash candidate match (dist=4), MAE=25.15, sizes (1534, 1187) vs (1508, 1337)"
177,train,NORMAL,IM-0168-0001.jpeg,train,NORMAL,NORMAL2-IM-1106-0001.jpeg,4,"(1534, 1187)","(1778, 1542)",False,33.5,inconclusive,"pHash candidate match (dist=4), MAE=33.50, sizes (1534, 1187) vs (1778, 1542)"
178,train,NORMAL,NORMAL2-IM-1161-0001.jpeg,train,NORMAL,NORMAL2-IM-0913-0001.jpeg,4,"(1600, 1380)","(1508, 1240)",False,22.35,inconclusive,"pHash candidate match (dist=4), MAE=22.35, sizes (1600, 1380) vs (1508, 1240)"
179,train,NORMAL,IM-0560-0001.jpeg,train,NORMAL,NORMAL2-IM-0629-0001.jpeg,4,"(1778, 1356)","(1558, 1380)",False,23.93,inconclusive,"pHash candidate match (dist=4), MAE=23.93, sizes (1778, 1356) vs (1558, 1380)"
180,train,NORMAL,NORMAL2-IM-1002-0001.jpeg,train,NORMAL,NORMAL2-IM-0629-0001.jpeg,4,"(1364, 1090)","(1558, 1380)",False,34.77,inconclusive,"pHash candidate match (dist=4), MAE=34.77, sizes (1364, 1090) vs (1558, 1380)"
181,train,NORMAL,NORMAL2-IM-0936-0001.jpeg,train,PNEUMONIA,person597_virus_1150.jpeg,4,"(1582, 1418)","(1528, 1112)",False,40.04,inconclusive,"pHash candidate match (dist=4), MAE=40.04, sizes (1582, 1418) vs (1528, 1112)"
182,train,NORMAL,NORMAL2-IM-0936-0001.jpeg,train,NORMAL,IM-0304-0001.jpeg,4,"(1582, 1418)","(1472, 978)",False,24.59,inconclusive,"pHash candidate match (dist=4), MAE=24.59, sizes (1582, 1418) vs (1472, 978)"
183,train,NORMAL,NORMAL2-IM-0936-0001.jpeg,train,NORMAL,NORMAL2-IM-0629-0001.jpeg,4,"(1582, 1418)","(1558, 1380)",False,26.6,inconclusive,"pHash candidate match (dist=4), MAE=26.60, sizes (1582, 1418) vs (1558, 1380)"
184,train,NORMAL,NORMAL2-IM-0936-0001.jpeg,train,NORMAL,IM-0560-0001.jpeg,4,"(1582, 1418)","(1778, 1356)",False,29.71,inconclusive,"pHash candidate match (dist=4), MAE=29.71, sizes (1582, 1418) vs (1778, 1356)"
185,train,NORMAL,NORMAL2-IM-0898-0001.jpeg,train,NORMAL,NORMAL2-IM-0936-0001.jpeg,4,"(1418, 1078)","(1582, 1418)",False,26.69,inconclusive,"pHash candidate match (dist=4), MAE=26.69, sizes (1418, 1078) vs (1582, 1418)"
186,train,NORMAL,IM-0697-0001.jpeg,train,NORMAL,NORMAL2-IM-1161-0001.jpeg,4,"(1538, 1353)","(1600, 1380)",False,21.77,inconclusive,"pHash candidate match (dist=4), MAE=21.77, sizes (1538, 1353) vs (1600, 1380)"
187,train,NORMAL,NORMAL2-IM-1041-0001.jpeg,train,NORMAL,IM-0697-0001.jpeg,4,"(1654, 1541)","(1538, 1353)",False,25.48,inconclusive,"pHash candidate match (dist=4), MAE=25.48, sizes (1654, 1541) vs (1538, 1353)"
188,train,NORMAL,NORMAL2-IM-1041-0001.jpeg,train,NORMAL,NORMAL2-IM-1127-0001.jpeg,4,"(1654, 1541)","(1654, 1291)",False,24.86,inconclusive,"pHash candidate match (dist=4), MAE=24.86, sizes (1654, 1541) vs (1654, 1291)"
189,train,NORMAL,IM-0507-0001.jpeg,train,PNEUMONIA,person932_virus_1593.jpeg,4,"(1752, 1384)","(1024, 648)",False,28.79,inconclusive,"pHash candidate match (dist=4), MAE=28.79, sizes (1752, 1384) vs (1024, 648)"
190,train,NORMAL,IM-0507-0001.jpeg,train,NORMAL,IM-0697-0001.jpeg,2,"(1752, 1384)","(1538, 1353)",False,28.02,likely same study/patient,"Similar composition, MAE=28.02, phash_dist=2"
191,train,NORMAL,NORMAL2-IM-1332-0001.jpeg,train,NORMAL,NORMAL2-IM-1002-0001.jpeg,4,"(1620, 1527)","(1364, 1090)",False,44.03,inconclusive,"pHash candidate match (dist=4), MAE=44.03, sizes (1620, 1527) vs (1364, 1090)"
192,train,NORMAL,IM-0299-0001.jpeg,train,NORMAL,NORMAL2-IM-1332-0001.jpeg,2,"(1800, 1503)","(1620, 1527)",False,25.75,likely same study/patient,"Similar composition, MAE=25.75, phash_dist=2"
193,train,NORMAL,IM-0299-0001.jpeg,train,NORMAL,NORMAL2-IM-1002-0001.jpeg,4,"(1800, 1503)","(1364, 1090)",False,45.77,inconclusive,"pHash candidate match (dist=4), MAE=45.77, sizes (1800, 1503) vs (1364, 1090)"
194,train,NORMAL,IM-0182-0001.jpeg,train,NORMAL,IM-0507-0001.jpeg,4,"(1372, 1005)","(1752, 1384)",False,29.84,inconclusive,"pHash candidate match (dist=4), MAE=29.84, sizes (1372, 1005) vs (1752, 1384)"
195,train,NORMAL,IM-0182-0001.jpeg,train,NORMAL,NORMAL2-IM-1332-0001.jpeg,4,"(1372, 1005)","(1620, 1527)",False,30.93,inconclusive,"pHash candidate match (dist=4), MAE=30.93, sizes (1372, 1005) vs (1620, 1527)"
196,train,NORMAL,IM-0182-0001.jpeg,train,NORMAL,IM-0697-0001.jpeg,4,"(1372, 1005)","(1538, 1353)",False,33.76,inconclusive,"pHash candidate match (dist=4), MAE=33.76, sizes (1372, 1005) vs (1538, 1353)"
197,train,NORMAL,NORMAL2-IM-1020-0001-0002.jpeg,test,NORMAL,IM-0059-0001.jpeg,4,"(1870, 1785)","(1616, 1041)",False,28.59,inconclusive,"pHash candidate match (dist=4), MAE=28.59, sizes (1870, 1785) vs (1616, 1041)"
198,train,NORMAL,NORMAL2-IM-1020-0001-0002.jpeg,train,NORMAL,NORMAL2-IM-0913-0001.jpeg,4,"(1870, 1785)","(1508, 1240)",False,25.34,inconclusive,"pHash candidate match (dist=4), MAE=25.34, sizes (1870, 1785) vs (1508, 1240)"
199,train,NORMAL,NORMAL2-IM-1020-0001-0002.jpeg,train,NORMAL,NORMAL2-IM-1041-0001.jpeg,2,"(1870, 1785)","(1654, 1541)",False,28.39,likely same study/patient,"Similar composition, MAE=28.39, phash_dist=2"
200,train,NORMAL,NORMAL2-IM-1020-0001-0002.jpeg,train,NORMAL,IM-0697-0001.jpeg,4,"(1870, 1785)","(1538, 1353)",False,24.83,inconclusive,"pHash candidate match (dist=4), MAE=24.83, sizes (1870, 1785) vs (1538, 1353)"
201,train,NORMAL,NORMAL2-IM-0611-0001.jpeg,train,PNEUMONIA,person543_virus_1073.jpeg,4,"(1336, 864)","(1608, 1160)",False,25.92,inconclusive,"pHash candidate match (dist=4), MAE=25.92, sizes (1336, 864) vs (1608, 1160)"
202,train,PNEUMONIA,person113_virus_216.jpeg,train,PNEUMONIA,person543_virus_1073.jpeg,4,"(1072, 592)","(1608, 1160)",False,24.41,inconclusive,"pHash candidate match (dist=4), MAE=24.41, sizes (1072, 592) vs (1608, 1160)"
203,train,NORMAL,IM-0286-0001.jpeg,train,NORMAL,NORMAL2-IM-1163-0001.jpeg,4,"(1982, 1804)","(1616, 1283)",False,32.75,inconclusive,"pHash candidate match (dist=4), MAE=32.75, sizes (1982, 1804) vs (1616, 1283)"
204,train,NORMAL,IM-0286-0001.jpeg,train,NORMAL,NORMAL2-IM-1084-0001.jpeg,4,"(1982, 1804)","(1360, 1128)",False,28.31,inconclusive,"pHash candidate match (dist=4), MAE=28.31, sizes (1982, 1804) vs (1360, 1128)"
205,train,NORMAL,IM-0307-0001.jpeg,train,NORMAL,IM-0286-0001.jpeg,2,"(1766, 1557)","(1982, 1804)",False,18.85,likely same study/patient,"Similar composition, MAE=18.85, phash_dist=2"
206,train,NORMAL,NORMAL2-IM-0416-0001.jpeg,train,NORMAL,NORMAL2-IM-0936-0001.jpeg,4,"(1624, 1341)","(1582, 1418)",False,30.3,inconclusive,"pHash candidate match (dist=4), MAE=30.30, sizes (1624, 1341) vs (1582, 1418)"
207,train,NORMAL,NORMAL2-IM-0980-0001.jpeg,train,PNEUMONIA,person1380_bacteria_3515.jpeg,4,"(1236, 1013)","(1064, 688)",False,27.82,inconclusive,"pHash candidate match (dist=4), MAE=27.82, sizes (1236, 1013) vs (1064, 688)"
208,train,NORMAL,NORMAL2-IM-0849-0001.jpeg,train,NORMAL,IM-0307-0001.jpeg,2,"(1704, 1283)","(1766, 1557)",False,27.85,likely same study/patient,"Similar composition, MAE=27.85, phash_dist=2"
209,train,NORMAL,NORMAL2-IM-0849-0001.jpeg,train,NORMAL,NORMAL2-IM-1332-0001.jpeg,4,"(1704, 1283)","(1620, 1527)",False,28.53,inconclusive,"pHash candidate match (dist=4), MAE=28.53, sizes (1704, 1283) vs (1620, 1527)"
210,train,NORMAL,NORMAL2-IM-0849-0001.jpeg,train,NORMAL,IM-0299-0001.jpeg,4,"(1704, 1283)","(1800, 1503)",False,26.45,inconclusive,"pHash candidate match (dist=4), MAE=26.45, sizes (1704, 1283) vs (1800, 1503)"
211,train,NORMAL,NORMAL2-IM-0849-0001.jpeg,train,NORMAL,IM-0286-0001.jpeg,4,"(1704, 1283)","(1982, 1804)",False,28.67,inconclusive,"pHash candidate match (dist=4), MAE=28.67, sizes (1704, 1283) vs (1982, 1804)"
212,train,NORMAL,IM-0476-0001.jpeg,train,NORMAL,NORMAL2-IM-1098-0001.jpeg,4,"(1558, 1048)","(1732, 1267)",False,23.8,inconclusive,"pHash candidate match (dist=4), MAE=23.80, sizes (1558, 1048) vs (1732, 1267)"
213,train,NORMAL,IM-0476-0001.jpeg,train,NORMAL,IM-0307-0001.jpeg,4,"(1558, 1048)","(1766, 1557)",False,21.06,inconclusive,"pHash candidate match (dist=4), MAE=21.06, sizes (1558, 1048) vs (1766, 1557)"
214,train,NORMAL,IM-0476-0001.jpeg,train,NORMAL,IM-0286-0001.jpeg,2,"(1558, 1048)","(1982, 1804)",False,24.82,likely same study/patient,"Similar composition, MAE=24.82, phash_dist=2"
215,train,NORMAL,NORMAL2-IM-0698-0001.jpeg,train,NORMAL,IM-0507-0001.jpeg,4,"(1554, 1245)","(1752, 1384)",False,27.32,inconclusive,"pHash candidate match (dist=4), MAE=27.32, sizes (1554, 1245) vs (1752, 1384)"
216,train,NORMAL,NORMAL2-IM-0698-0001.jpeg,train,NORMAL,NORMAL2-IM-1332-0001.jpeg,4,"(1554, 1245)","(1620, 1527)",False,26.47,inconclusive,"pHash candidate match (dist=4), MAE=26.47, sizes (1554, 1245) vs (1620, 1527)"
217,train,NORMAL,NORMAL2-IM-0698-0001.jpeg,train,NORMAL,IM-0697-0001.jpeg,4,"(1554, 1245)","(1538, 1353)",False,27.52,inconclusive,"pHash candidate match (dist=4), MAE=27.52, sizes (1554, 1245) vs (1538, 1353)"
218,train,PNEUMONIA,person594_virus_1145.jpeg,train,PNEUMONIA,person543_virus_1073.jpeg,4,"(1312, 824)","(1608, 1160)",False,22.84,inconclusive,"pHash candidate match (dist=4), MAE=22.84, sizes (1312, 824) vs (1608, 1160)"
219,train,PNEUMONIA,person798_virus_1430.jpeg,train,PNEUMONIA,person1380_bacteria_3515.jpeg,4,"(1294, 902)","(1064, 688)",False,31.85,inconclusive,"pHash candidate match (dist=4), MAE=31.85, sizes (1294, 902) vs (1064, 688)"
220,test,NORMAL,NORMAL2-IM-0345-0001.jpeg,train,PNEUMONIA,person1484_bacteria_3878.jpeg,4,"(1538, 1202)","(1152, 760)",False,38.4,inconclusive,"pHash candidate match (dist=4), MAE=38.40, sizes (1538, 1202) vs (1152, 760)"
221,train,NORMAL,NORMAL2-IM-1292-0001.jpeg,train,NORMAL,IM-0612-0001.jpeg,4,"(1542, 1341)","(1460, 1279)",False,25.37,inconclusive,"pHash candidate match (dist=4), MAE=25.37, sizes (1542, 1341) vs (1460, 1279)"
222,train,NORMAL,IM-0497-0001.jpeg,train,NORMAL,NORMAL2-IM-0698-0001.jpeg,4,"(1338, 1194)","(1554, 1245)",False,26.7,inconclusive,"pHash candidate match (dist=4), MAE=26.70, sizes (1338, 1194) vs (1554, 1245)"
223,train,NORMAL,NORMAL2-IM-1277-0001-0001.jpeg,train,NORMAL,NORMAL2-IM-0437-0001.jpeg,4,"(1514, 1152)","(1434, 1074)",False,23.06,inconclusive,"pHash candidate match (dist=4), MAE=23.06, sizes (1514, 1152) vs (1434, 1074)"
224,train,NORMAL,NORMAL2-IM-0914-0001.jpeg,train,NORMAL,NORMAL2-IM-0698-0001.jpeg,4,"(1430, 1113)","(1554, 1245)",False,24.79,inconclusive,"pHash candidate match (dist=4), MAE=24.79, sizes (1430, 1113) vs (1554, 1245)"
225,train,NORMAL,NORMAL2-IM-0914-0001.jpeg,train,NORMAL,NORMAL2-IM-1292-0001.jpeg,4,"(1430, 1113)","(1542, 1341)",False,27.7,inconclusive,"pHash candidate match (dist=4), MAE=27.70, sizes (1430, 1113) vs (1542, 1341)"
226,train,NORMAL,NORMAL2-IM-0859-0001.jpeg,train,NORMAL,NORMAL2-IM-0388-0001.jpeg,4,"(1906, 1527)","(1388, 1009)",False,23.93,inconclusive,"pHash candidate match (dist=4), MAE=23.93, sizes (1906, 1527) vs (1388, 1009)"
227,train,NORMAL,NORMAL2-IM-0859-0001.jpeg,train,NORMAL,NORMAL2-IM-0698-0001.jpeg,4,"(1906, 1527)","(1554, 1245)",False,23.77,inconclusive,"pHash candidate match (dist=4), MAE=23.77, sizes (1906, 1527) vs (1554, 1245)"
228,train,NORMAL,NORMAL2-IM-0859-0001.jpeg,train,NORMAL,IM-0497-0001.jpeg,4,"(1906, 1527)","(1338, 1194)",False,28.06,inconclusive,"pHash candidate match (dist=4), MAE=28.06, sizes (1906, 1527) vs (1338, 1194)"
229,train,NORMAL,NORMAL2-IM-0859-0001.jpeg,train,NORMAL,IM-0697-0001.jpeg,4,"(1906, 1527)","(1538, 1353)",False,28.99,inconclusive,"pHash candidate match (dist=4), MAE=28.99, sizes (1906, 1527) vs (1538, 1353)"
230,train,NORMAL,NORMAL2-IM-1190-0001.jpeg,train,NORMAL,IM-0497-0001.jpeg,4,"(1746, 1576)","(1338, 1194)",False,29.54,inconclusive,"pHash candidate match (dist=4), MAE=29.54, sizes (1746, 1576) vs (1338, 1194)"
