fold,partition,three_class,n_images
0,train,bacteria,2041
0,train,normal,1081
0,train,virus,1100
0,validation,bacteria,497
0,validation,normal,268
0,validation,virus,245
1,train,bacteria,2055
1,train,normal,1072
1,train,virus,1076
1,validation,bacteria,483
1,validation,normal,277
1,validation,virus,269
2,train,bacteria,2036
2,train,normal,1080
2,train,virus,1060
2,validation,bacteria,502
2,validation,normal,269
2,validation,virus,285
3,train,bacteria,1984
3,train,normal,1085
3,train,virus,1082
3,validation,bacteria,554
3,validation,normal,264
3,validation,virus,263
4,train,bacteria,2036
4,train,normal,1078
4,train,virus,1062
4,validation,bacteria,502
4,validation,normal,271
4,validation,virus,283
