model,fold,threshold,accuracy,precision,recall_sensitivity,specificity,f1,auroc,auprc,true_negative,false_positive,false_negative,true_positive
majority_class,0,0.5,0.7346534653465346,0.7346534653465346,1.0,0.0,0.8470319634703196,0.5,0.7346534653465346,0,268,0,742
hog_logistic_regression,0,0.5,0.9693069306930693,0.9889958734525447,0.9690026954177897,0.9701492537313433,0.9788972089857045,0.9969223961057248,0.9989200916328962,260,8,23,719
custom_cnn_one_epoch,0,0.5,0.7128712871287128,0.991304347826087,0.6145552560646901,0.9850746268656716,0.7587354409317804,0.9329841694492497,0.9758462802891632,264,4,286,456
resnet50_finetuned_one_epoch,0,0.5,0.8732673267326733,0.9951612903225806,0.8315363881401617,0.9888059701492538,0.9060205580029369,0.981692782717142,0.9931058008648083,265,3,125,617
densenet121_finetuned_one_epoch,0,0.5,0.901980198019802,0.9984496124031008,0.8679245283018868,0.996268656716418,0.9286229271809661,0.9908426197851712,0.9967915462127592,267,1,98,644
efficientnet_b0_finetuned_one_epoch,0,0.5,0.8514851485148515,0.9949832775919732,0.8018867924528302,0.9888059701492538,0.8880597014925373,0.9778583497606308,0.9922358732554561,265,3,147,595
convnext_tiny_finetuned_one_epoch,0,0.5,0.9584158415841584,0.9943502824858758,0.9487870619946092,0.9850746268656716,0.9710344827586207,0.9950215231122018,0.9982466413509656,264,4,38,704
vit_b_16_finetuned_one_epoch,0,0.5,0.9415841584158415,0.9956458635703919,0.9245283018867925,0.9888059701492538,0.9587700908455625,0.9944608158667578,0.9980959725577622,265,3,56,686
resnet50_frozen_one_epoch,0,0.5,0.8643564356435643,0.984,0.8288409703504043,0.9626865671641791,0.8997805413313826,0.9611226213943759,0.9864919256641451,258,10,127,615
densenet121_frozen_one_epoch,0,0.5,0.7514851485148515,0.9880715705765407,0.6698113207547169,0.9776119402985075,0.7983935742971887,0.9556236673773988,0.9837576117828317,262,6,245,497
efficientnet_b0_frozen_one_epoch,0,0.5,0.8336633663366336,0.9880952380952381,0.7830188679245284,0.9738805970149254,0.8736842105263158,0.9596089632699039,0.98497743307761,261,7,161,581
