category,path,patient_id,subtype,probability,border_activation_fraction,border_heuristic_flag
TP,d:\Pneum Det\archive\chest_xray\chest_xray\train\PNEUMONIA\person31_bacteria_164.jpeg,person31,bacteria,0.9437524676322937,0.25033366680145264,False
TP,d:\Pneum Det\archive\chest_xray\chest_xray\train\PNEUMONIA\person992_bacteria_2919.jpeg,person992,bacteria,0.8602949976921082,0.31839045882225037,False
TP,d:\Pneum Det\archive\chest_xray\chest_xray\train\PNEUMONIA\person409_virus_816.jpeg,person409,virus,0.9602717161178589,0.2514030635356903,False
TP,d:\Pneum Det\archive\chest_xray\chest_xray\train\PNEUMONIA\person816_bacteria_2727.jpeg,person816,bacteria,0.9777470231056213,0.19831156730651855,False
TP,d:\Pneum Det\archive\chest_xray\chest_xray\train\PNEUMONIA\person939_bacteria_2864.jpeg,person939,bacteria,0.9824489951133728,0.2413577139377594,False
TP,d:\Pneum Det\archive\chest_xray\chest_xray\train\PNEUMONIA\person347_bacteria_1595.jpeg,person347,bacteria,0.9830704927444458,0.22435803711414337,False
TP,d:\Pneum Det\archive\chest_xray\chest_xray\train\PNEUMONIA\person645_virus_1226.jpeg,person645,virus,0.969421923160553,0.24288617074489594,False
TP,d:\Pneum Det\archive\chest_xray\chest_xray\train\PNEUMONIA\person445_bacteria_1929.jpeg,person445,bacteria,0.9406471252441406,0.2662018835544586,False
TN,d:\Pneum Det\archive\chest_xray\chest_xray\train\NORMAL\NORMAL2-IM-0648-0001.jpeg,normal:im-0648,normal,0.0035655214451253414,0.17590852081775665,False
TN,d:\Pneum Det\archive\chest_xray\chest_xray\train\NORMAL\IM-0608-0001-0001.jpeg,normal:im-0608-0001,normal,0.06514173001050949,0.17899508774280548,False
TN,d:\Pneum Det\archive\chest_xray\chest_xray\train\NORMAL\NORMAL2-IM-0987-0001.jpeg,normal:im-0987,normal,0.005126770585775375,0.180037721991539,False
TN,d:\Pneum Det\archive\chest_xray\chest_xray\train\NORMAL\NORMAL2-IM-1142-0001-0002.jpeg,normal:im-1142-0001,normal,0.00409184955060482,0.18342676758766174,False
TN,d:\Pneum Det\archive\chest_xray\chest_xray\train\NORMAL\IM-0505-0001-0001.jpeg,normal:im-0505-0001,normal,0.006787121761590242,0.18120735883712769,False
TN,d:\Pneum Det\archive\chest_xray\chest_xray\train\NORMAL\IM-0549-0001.jpeg,normal:im-0549,normal,0.004763486795127392,0.1646861433982849,False
TN,d:\Pneum Det\archive\chest_xray\chest_xray\train\NORMAL\NORMAL2-IM-1163-0001.jpeg,normal:im-1163,normal,0.008490343578159809,0.2206430435180664,False
TN,d:\Pneum Det\archive\chest_xray\chest_xray\train\NORMAL\NORMAL2-IM-1258-0001.jpeg,normal:im-1258,normal,0.11320452392101288,0.28017812967300415,False
FP,d:\Pneum Det\archive\chest_xray\chest_xray\train\NORMAL\NORMAL2-IM-0899-0001.jpeg,normal:im-0899,normal,0.2456766963005066,0.49423712491989136,True
FP,d:\Pneum Det\archive\chest_xray\chest_xray\train\NORMAL\NORMAL2-IM-1419-0001.jpeg,normal:im-1419,normal,0.7282072901725769,0.22756794095039368,False
FP,d:\Pneum Det\archive\chest_xray\chest_xray\train\NORMAL\IM-0279-0001.jpeg,normal:im-0279,normal,0.3089877963066101,0.2203492373228073,False
FP,d:\Pneum Det\archive\chest_xray\chest_xray\train\NORMAL\NORMAL2-IM-0718-0001.jpeg,normal:im-0718,normal,0.7681517004966736,0.21938438713550568,False
FP,d:\Pneum Det\archive\chest_xray\chest_xray\train\NORMAL\NORMAL2-IM-0725-0001.jpeg,normal:im-0725,normal,0.29730892181396484,0.38165968656539917,True
FP,d:\Pneum Det\archive\chest_xray\chest_xray\train\NORMAL\NORMAL2-IM-0854-0001.jpeg,normal:im-0854,normal,0.30795755982398987,0.5856915712356567,True
FP,d:\Pneum Det\archive\chest_xray\chest_xray\val\NORMAL\NORMAL2-IM-1431-0001.jpeg,normal:im-1431,normal,0.24998915195465088,0.0,False
FP,d:\Pneum Det\archive\chest_xray\chest_xray\train\NORMAL\NORMAL2-IM-0425-0001.jpeg,normal:im-0425,normal,0.7053725719451904,0.3933594822883606,True
FN,d:\Pneum Det\archive\chest_xray\chest_xray\train\PNEUMONIA\person1181_bacteria_3129.jpeg,person1181,bacteria,0.10004451125860214,0.2608681321144104,False
FN,d:\Pneum Det\archive\chest_xray\chest_xray\train\PNEUMONIA\person1345_bacteria_3422.jpeg,person1345,bacteria,0.11018786579370499,0.2333231419324875,False
FN,d:\Pneum Det\archive\chest_xray\chest_xray\train\PNEUMONIA\person444_bacteria_1927.jpeg,person444,bacteria,0.02267554961144924,0.16973409056663513,False
FN,d:\Pneum Det\archive\chest_xray\chest_xray\train\PNEUMONIA\person678_bacteria_2572.jpeg,person678,bacteria,0.08133484423160553,0.258968323469162,False
FN,d:\Pneum Det\archive\chest_xray\chest_xray\train\PNEUMONIA\person534_bacteria_2251.jpeg,person534,bacteria,0.04558330029249191,0.24335187673568726,False
FN,d:\Pneum Det\archive\chest_xray\chest_xray\train\PNEUMONIA\person703_virus_1300.jpeg,person703,virus,0.022061899304389954,0.24220877885818481,False
FN,d:\Pneum Det\archive\chest_xray\chest_xray\train\PNEUMONIA\person745_bacteria_2648.jpeg,person745,bacteria,0.13204021751880646,0.23985405266284943,False
FN,d:\Pneum Det\archive\chest_xray\chest_xray\train\PNEUMONIA\person1156_virus_1936.jpeg,person1156,virus,0.09679819643497467,0.2666645646095276,False
